file,line,type,commit,author,date,time,timezone,datetime,depth,length
style.css,1,css,3b2c5c79,Manning Karahashi,2026-04-03,01:59:08,-07:00,2026-04-03T01:59:08-07:00,0,4
style.css,2,css,3b2c5c79,Manning Karahashi,2026-04-03,01:59:08,-07:00,2026-04-03T01:59:08-07:00,1,23
style.css,3,css,665e242f,Manning Karahashi,2026-04-09,18:13:06,-07:00,2026-04-09T18:13:06-07:00,1,15
style.css,4,css,665e242f,Manning Karahashi,2026-04-09,18:13:06,-07:00,2026-04-09T18:13:06-07:00,1,43
style.css,5,css,665e242f,Manning Karahashi,2026-04-09,18:13:06,-07:00,2026-04-09T18:13:06-07:00,1,12
style.css,6,css,665e242f,Manning Karahashi,2026-04-09,18:13:06,-07:00,2026-04-09T18:13:06-07:00,0,0
style.css,7,css,665e242f,Manning Karahashi,2026-04-09,18:13:06,-07:00,2026-04-09T18:13:06-07:00,0,0
style.css,8,css,665e242f,Manning Karahashi,2026-04-09,18:13:06,-07:00,2026-04-09T18:13:06-07:00,0,5
style.css,9,css,665e242f,Manning Karahashi,2026-04-09,18:13:06,-07:00,2026-04-09T18:13:06-07:00,0,6
style.css,10,css,665e242f,Manning Karahashi,2026-04-09,18:13:06,-07:00,2026-04-09T18:13:06-07:00,1,16
style.css,11,css,665e242f,Manning Karahashi,2026-04-09,18:13:06,-07:00,2026-04-09T18:13:06-07:00,0,0
style.css,12,css,665e242f,Manning Karahashi,2026-04-09,18:13:06,-07:00,2026-04-09T18:13:06-07:00,0,0
style.css,13,css,665e242f,Manning Karahashi,2026-04-09,18:13:06,-07:00,2026-04-09T18:13:06-07:00,0,3
style.css,14,css,b21abf60,Manning Karahashi,2026-04-16,18:49:32,-07:00,2026-04-16T18:49:32-07:00,1,39
style.css,15,css,665e242f,Manning Karahashi,2026-04-09,18:13:06,-07:00,2026-04-09T18:13:06-07:00,1,12
style.css,16,css,665e242f,Manning Karahashi,2026-04-09,18:13:06,-07:00,2026-04-09T18:13:06-07:00,1,17
style.css,17,css,b21abf60,Manning Karahashi,2026-04-16,18:49:32,-07:00,2026-04-16T18:49:32-07:00,1,43
style.css,18,css,665e242f,Manning Karahashi,2026-04-09,18:13:06,-07:00,2026-04-09T18:13:06-07:00,0,0
style.css,19,css,665e242f,Manning Karahashi,2026-04-09,18:13:06,-07:00,2026-04-09T18:13:06-07:00,0,0
style.css,20,css,665e242f,Manning Karahashi,2026-04-09,18:13:06,-07:00,2026-04-09T18:13:06-07:00,0,5
style.css,21,css,665e242f,Manning Karahashi,2026-04-09,18:13:06,-07:00,2026-04-09T18:13:06-07:00,1,6
style.css,22,css,665e242f,Manning Karahashi,2026-04-09,18:13:06,-07:00,2026-04-09T18:13:06-07:00,1,20
style.css,23,css,665e242f,Manning Karahashi,2026-04-09,18:13:06,-07:00,2026-04-09T18:13:06-07:00,1,13
style.css,24,css,665e242f,Manning Karahashi,2026-04-09,18:13:06,-07:00,2026-04-09T18:13:06-07:00,1,17
style.css,25,css,665e242f,Manning Karahashi,2026-04-09,18:13:06,-07:00,2026-04-09T18:13:06-07:00,1,13
style.css,26,css,665e242f,Manning Karahashi,2026-04-09,18:13:06,-07:00,2026-04-09T18:13:06-07:00,0,0
style.css,27,css,665e242f,Manning Karahashi,2026-04-09,18:13:06,-07:00,2026-04-09T18:13:06-07:00,0,0
style.css,28,css,665e242f,Manning Karahashi,2026-04-09,18:13:06,-07:00,2026-04-09T18:13:06-07:00,0,13
style.css,29,css,b21abf60,Manning Karahashi,2026-04-16,18:49:32,-07:00,2026-04-16T18:49:32-07:00,1,45
style.css,30,css,665e242f,Manning Karahashi,2026-04-09,18:13:06,-07:00,2026-04-09T18:13:06-07:00,1,20
style.css,31,css,665e242f,Manning Karahashi,2026-04-09,18:13:06,-07:00,2026-04-09T18:13:06-07:00,0,0
style.css,32,css,665e242f,Manning Karahashi,2026-04-09,18:13:06,-07:00,2026-04-09T18:13:06-07:00,0,0
style.css,33,css,665e242f,Manning Karahashi,2026-04-09,18:13:06,-07:00,2026-04-09T18:13:06-07:00,0,5
style.css,34,css,665e242f,Manning Karahashi,2026-04-09,18:13:06,-07:00,2026-04-09T18:13:06-07:00,1,31
style.css,35,css,665e242f,Manning Karahashi,2026-04-09,18:13:06,-07:00,2026-04-09T18:13:06-07:00,0,0
style.css,36,css,665e242f,Manning Karahashi,2026-04-09,18:13:06,-07:00,2026-04-09T18:13:06-07:00,0,0
style.css,37,css,665e242f,Manning Karahashi,2026-04-09,18:13:06,-07:00,2026-04-09T18:13:06-07:00,0,11
style.css,38,css,665e242f,Manning Karahashi,2026-04-09,18:13:06,-07:00,2026-04-09T18:13:06-07:00,1,45
style.css,39,css,b21abf60,Manning Karahashi,2026-04-16,18:49:32,-07:00,2026-04-16T18:49:32-07:00,1,69
style.css,40,css,665e242f,Manning Karahashi,2026-04-09,18:13:06,-07:00,2026-04-09T18:13:06-07:00,0,0
style.css,41,css,665e242f,Manning Karahashi,2026-04-09,18:13:06,-07:00,2026-04-09T18:13:06-07:00,0,0
style.css,42,css,665e242f,Manning Karahashi,2026-04-09,18:13:06,-07:00,2026-04-09T18:13:06-07:00,0,3
style.css,43,css,665e242f,Manning Karahashi,2026-04-09,18:13:06,-07:00,2026-04-09T18:13:06-07:00,0,4
style.css,44,css,665e242f,Manning Karahashi,2026-04-09,18:13:06,-07:00,2026-04-09T18:13:06-07:00,0,7
style.css,45,css,665e242f,Manning Karahashi,2026-04-09,18:13:06,-07:00,2026-04-09T18:13:06-07:00,0,6
style.css,46,css,665e242f,Manning Karahashi,2026-04-09,18:13:06,-07:00,2026-04-09T18:13:06-07:00,1,12
style.css,47,css,665e242f,Manning Karahashi,2026-04-09,18:13:06,-07:00,2026-04-09T18:13:06-07:00,0,0
style.css,48,css,b21abf60,Manning Karahashi,2026-04-16,18:49:32,-07:00,2026-04-16T18:49:32-07:00,0,6
style.css,49,css,b21abf60,Manning Karahashi,2026-04-16,18:49:32,-07:00,2026-04-16T18:49:32-07:00,1,12
style.css,50,css,b21abf60,Manning Karahashi,2026-04-16,18:49:32,-07:00,2026-04-16T18:49:32-07:00,0,0
style.css,51,css,665e242f,Manning Karahashi,2026-04-09,18:13:06,-07:00,2026-04-09T18:13:06-07:00,0,0
style.css,52,css,665e242f,Manning Karahashi,2026-04-09,18:13:06,-07:00,2026-04-09T18:13:06-07:00,0,4
style.css,53,css,665e242f,Manning Karahashi,2026-04-09,18:13:06,-07:00,2026-04-09T18:13:06-07:00,1,12
style.css,54,css,665e242f,Manning Karahashi,2026-04-09,18:13:06,-07:00,2026-04-09T18:13:06-07:00,1,30
style.css,55,css,665e242f,Manning Karahashi,2026-04-09,18:13:06,-07:00,2026-04-09T18:13:06-07:00,1,7
style.css,56,css,665e242f,Manning Karahashi,2026-04-09,18:13:06,-07:00,2026-04-09T18:13:06-07:00,0,0
style.css,57,css,665e242f,Manning Karahashi,2026-04-09,18:13:06,-07:00,2026-04-09T18:13:06-07:00,0,0
style.css,58,css,665e242f,Manning Karahashi,2026-04-09,18:13:06,-07:00,2026-04-09T18:13:06-07:00,0,10
style.css,59,css,665e242f,Manning Karahashi,2026-04-09,18:13:06,-07:00,2026-04-09T18:13:06-07:00,1,12
style.css,60,css,665e242f,Manning Karahashi,2026-04-09,18:13:06,-07:00,2026-04-09T18:13:06-07:00,1,29
style.css,61,css,665e242f,Manning Karahashi,2026-04-09,18:13:06,-07:00,2026-04-09T18:13:06-07:00,1,18
style.css,62,css,665e242f,Manning Karahashi,2026-04-09,18:13:06,-07:00,2026-04-09T18:13:06-07:00,0,0
style.css,63,css,665e242f,Manning Karahashi,2026-04-09,18:13:06,-07:00,2026-04-09T18:13:06-07:00,0,0
style.css,64,css,665e242f,Manning Karahashi,2026-04-09,18:13:06,-07:00,2026-04-09T18:13:06-07:00,0,11
style.css,65,css,665e242f,Manning Karahashi,2026-04-09,18:13:06,-07:00,2026-04-09T18:13:06-07:00,1,18
style.css,66,css,665e242f,Manning Karahashi,2026-04-09,18:13:06,-07:00,2026-04-09T18:13:06-07:00,0,0
style.css,67,css,665e242f,Manning Karahashi,2026-04-09,18:13:06,-07:00,2026-04-09T18:13:06-07:00,0,0
style.css,68,css,665e242f,Manning Karahashi,2026-04-09,18:13:06,-07:00,2026-04-09T18:13:06-07:00,0,1
style.css,69,css,665e242f,Manning Karahashi,2026-04-09,18:13:06,-07:00,2026-04-09T18:13:06-07:00,0,1
style.css,70,css,665e242f,Manning Karahashi,2026-04-09,18:13:06,-07:00,2026-04-09T18:13:06-07:00,0,1
style.css,71,css,665e242f,Manning Karahashi,2026-04-09,18:13:06,-07:00,2026-04-09T18:13:06-07:00,0,1
style.css,72,css,665e242f,Manning Karahashi,2026-04-09,18:13:06,-07:00,2026-04-09T18:13:06-07:00,0,1
style.css,73,css,665e242f,Manning Karahashi,2026-04-09,18:13:06,-07:00,2026-04-09T18:13:06-07:00,0,2
style.css,74,css,665e242f,Manning Karahashi,2026-04-09,18:13:06,-07:00,2026-04-09T18:13:06-07:00,1,15
style.css,75,css,665e242f,Manning Karahashi,2026-04-09,18:13:06,-07:00,2026-04-09T18:13:06-07:00,1,17
style.css,76,css,665e242f,Manning Karahashi,2026-04-09,18:13:06,-07:00,2026-04-09T18:13:06-07:00,0,0
style.css,77,css,665e242f,Manning Karahashi,2026-04-09,18:13:06,-07:00,2026-04-09T18:13:06-07:00,0,0
style.css,78,css,665e242f,Manning Karahashi,2026-04-09,18:13:06,-07:00,2026-04-09T18:13:06-07:00,0,2
style.css,79,css,665e242f,Manning Karahashi,2026-04-09,18:13:06,-07:00,2026-04-09T18:13:06-07:00,1,14
style.css,80,css,665e242f,Manning Karahashi,2026-04-09,18:13:06,-07:00,2026-04-09T18:13:06-07:00,0,0
style.css,81,css,665e242f,Manning Karahashi,2026-04-09,18:13:06,-07:00,2026-04-09T18:13:06-07:00,0,0
style.css,82,css,665e242f,Manning Karahashi,2026-04-09,18:13:06,-07:00,2026-04-09T18:13:06-07:00,0,9
style.css,83,css,665e242f,Manning Karahashi,2026-04-09,18:13:06,-07:00,2026-04-09T18:13:06-07:00,1,12
style.css,84,css,665e242f,Manning Karahashi,2026-04-09,18:13:06,-07:00,2026-04-09T18:13:06-07:00,1,7
style.css,85,css,665e242f,Manning Karahashi,2026-04-09,18:13:06,-07:00,2026-04-09T18:13:06-07:00,1,57
style.css,86,css,665e242f,Manning Karahashi,2026-04-09,18:13:06,-07:00,2026-04-09T18:13:06-07:00,0,0
style.css,87,css,665e242f,Manning Karahashi,2026-04-09,18:13:06,-07:00,2026-04-09T18:13:06-07:00,0,0
style.css,88,css,665e242f,Manning Karahashi,2026-04-09,18:13:06,-07:00,2026-04-09T18:13:06-07:00,0,17
style.css,89,css,903e894f,Manning Karahashi,2026-04-25,17:07:31,-07:00,2026-04-25T17:07:31-07:00,1,13
style.css,90,css,665e242f,Manning Karahashi,2026-04-09,18:13:06,-07:00,2026-04-09T18:13:06-07:00,0,0
style.css,91,css,665e242f,Manning Karahashi,2026-04-09,18:13:06,-07:00,2026-04-09T18:13:06-07:00,0,0
style.css,92,css,665e242f,Manning Karahashi,2026-04-09,18:13:06,-07:00,2026-04-09T18:13:06-07:00,0,12
style.css,93,css,665e242f,Manning Karahashi,2026-04-09,18:13:06,-07:00,2026-04-09T18:13:06-07:00,1,8
style.css,94,css,665e242f,Manning Karahashi,2026-04-09,18:13:06,-07:00,2026-04-09T18:13:06-07:00,0,0
style.css,95,css,665e242f,Manning Karahashi,2026-04-09,18:13:06,-07:00,2026-04-09T18:13:06-07:00,0,0
style.css,96,css,665e242f,Manning Karahashi,2026-04-09,18:13:06,-07:00,2026-04-09T18:13:06-07:00,0,13
style.css,97,css,665e242f,Manning Karahashi,2026-04-09,18:13:06,-07:00,2026-04-09T18:13:06-07:00,1,14
style.css,98,css,665e242f,Manning Karahashi,2026-04-09,18:13:06,-07:00,2026-04-09T18:13:06-07:00,0,0
style.css,99,css,665e242f,Manning Karahashi,2026-04-09,18:13:06,-07:00,2026-04-09T18:13:06-07:00,0,0
style.css,100,css,903e894f,Manning Karahashi,2026-04-25,17:07:31,-07:00,2026-04-25T17:07:31-07:00,0,20
style.css,101,css,903e894f,Manning Karahashi,2026-04-25,17:07:31,-07:00,2026-04-25T17:07:31-07:00,1,20
style.css,102,css,903e894f,Manning Karahashi,2026-04-25,17:07:31,-07:00,2026-04-25T17:07:31-07:00,0,0
style.css,103,css,903e894f,Manning Karahashi,2026-04-25,17:07:31,-07:00,2026-04-25T17:07:31-07:00,0,0
style.css,104,css,903e894f,Manning Karahashi,2026-04-25,17:07:31,-07:00,2026-04-25T17:07:31-07:00,0,21
style.css,105,css,903e894f,Manning Karahashi,2026-04-25,17:07:31,-07:00,2026-04-25T17:07:31-07:00,1,21
style.css,106,css,903e894f,Manning Karahashi,2026-04-25,17:07:31,-07:00,2026-04-25T17:07:31-07:00,0,0
style.css,107,css,903e894f,Manning Karahashi,2026-04-25,17:07:31,-07:00,2026-04-25T17:07:31-07:00,0,0
style.css,108,css,903e894f,Manning Karahashi,2026-04-25,17:07:31,-07:00,2026-04-25T17:07:31-07:00,0,19
style.css,109,css,903e894f,Manning Karahashi,2026-04-25,17:07:31,-07:00,2026-04-25T17:07:31-07:00,1,21
style.css,110,css,903e894f,Manning Karahashi,2026-04-25,17:07:31,-07:00,2026-04-25T17:07:31-07:00,0,0
style.css,111,css,903e894f,Manning Karahashi,2026-04-25,17:07:31,-07:00,2026-04-25T17:07:31-07:00,0,0
style.css,112,css,903e894f,Manning Karahashi,2026-04-25,17:07:31,-07:00,2026-04-25T17:07:31-07:00,0,20
style.css,113,css,903e894f,Manning Karahashi,2026-04-25,17:07:31,-07:00,2026-04-25T17:07:31-07:00,1,17
style.css,114,css,903e894f,Manning Karahashi,2026-04-25,17:07:31,-07:00,2026-04-25T17:07:31-07:00,0,0
style.css,115,css,903e894f,Manning Karahashi,2026-04-25,17:07:31,-07:00,2026-04-25T17:07:31-07:00,0,0
style.css,116,css,903e894f,Manning Karahashi,2026-04-25,17:07:31,-07:00,2026-04-25T17:07:31-07:00,0,20
style.css,117,css,903e894f,Manning Karahashi,2026-04-25,17:07:31,-07:00,2026-04-25T17:07:31-07:00,1,20
style.css,118,css,903e894f,Manning Karahashi,2026-04-25,17:07:31,-07:00,2026-04-25T17:07:31-07:00,0,0
style.css,119,css,903e894f,Manning Karahashi,2026-04-25,17:07:31,-07:00,2026-04-25T17:07:31-07:00,0,0
style.css,120,css,665e242f,Manning Karahashi,2026-04-09,18:13:06,-07:00,2026-04-09T18:13:06-07:00,0,7
style.css,121,css,665e242f,Manning Karahashi,2026-04-09,18:13:06,-07:00,2026-04-09T18:13:06-07:00,1,19
style.css,122,css,665e242f,Manning Karahashi,2026-04-09,18:13:06,-07:00,2026-04-09T18:13:06-07:00,1,18
style.css,123,css,665e242f,Manning Karahashi,2026-04-09,18:13:06,-07:00,2026-04-09T18:13:06-07:00,1,34
style.css,124,css,665e242f,Manning Karahashi,2026-04-09,18:13:06,-07:00,2026-04-09T18:13:06-07:00,1,20
style.css,125,css,665e242f,Manning Karahashi,2026-04-09,18:13:06,-07:00,2026-04-09T18:13:06-07:00,1,42
style.css,126,css,665e242f,Manning Karahashi,2026-04-09,18:13:06,-07:00,2026-04-09T18:13:06-07:00,0,0
style.css,127,css,665e242f,Manning Karahashi,2026-04-09,18:13:06,-07:00,2026-04-09T18:13:06-07:00,0,0
style.css,128,css,665e242f,Manning Karahashi,2026-04-09,18:13:06,-07:00,2026-04-09T18:13:06-07:00,0,13
style.css,129,css,665e242f,Manning Karahashi,2026-04-09,18:13:06,-07:00,2026-04-09T18:13:06-07:00,1,17
style.css,130,css,665e242f,Manning Karahashi,2026-04-09,18:13:06,-07:00,2026-04-09T18:13:06-07:00,1,20
style.css,131,css,665e242f,Manning Karahashi,2026-04-09,18:13:06,-07:00,2026-04-09T18:13:06-07:00,0,0
style.css,132,css,665e242f,Manning Karahashi,2026-04-09,18:13:06,-07:00,2026-04-09T18:13:06-07:00,0,0
style.css,133,css,665e242f,Manning Karahashi,2026-04-09,18:13:06,-07:00,2026-04-09T18:13:06-07:00,0,16
style.css,134,css,665e242f,Manning Karahashi,2026-04-09,18:13:06,-07:00,2026-04-09T18:13:06-07:00,1,16
style.css,135,css,665e242f,Manning Karahashi,2026-04-09,18:13:06,-07:00,2026-04-09T18:13:06-07:00,1,23
style.css,136,css,665e242f,Manning Karahashi,2026-04-09,18:13:06,-07:00,2026-04-09T18:13:06-07:00,1,19
style.css,137,css,665e242f,Manning Karahashi,2026-04-09,18:13:06,-07:00,2026-04-09T18:13:06-07:00,0,0
style.css,138,css,665e242f,Manning Karahashi,2026-04-09,18:13:06,-07:00,2026-04-09T18:13:06-07:00,0,0
style.css,139,css,665e242f,Manning Karahashi,2026-04-09,18:13:06,-07:00,2026-04-09T18:13:06-07:00,0,15
style.css,140,css,665e242f,Manning Karahashi,2026-04-09,18:13:06,-07:00,2026-04-09T18:13:06-07:00,1,15
style.css,141,css,665e242f,Manning Karahashi,2026-04-09,18:13:06,-07:00,2026-04-09T18:13:06-07:00,0,0
style.css,142,css,665e242f,Manning Karahashi,2026-04-09,18:13:06,-07:00,2026-04-09T18:13:06-07:00,0,0
style.css,143,css,665e242f,Manning Karahashi,2026-04-09,18:13:06,-07:00,2026-04-09T18:13:06-07:00,0,10
style.css,144,css,665e242f,Manning Karahashi,2026-04-09,18:13:06,-07:00,2026-04-09T18:13:06-07:00,1,8
style.css,145,css,665e242f,Manning Karahashi,2026-04-09,18:13:06,-07:00,2026-04-09T18:13:06-07:00,0,0
style.css,146,css,665e242f,Manning Karahashi,2026-04-09,18:13:06,-07:00,2026-04-09T18:13:06-07:00,0,0
style.css,147,css,665e242f,Manning Karahashi,2026-04-09,18:13:06,-07:00,2026-04-09T18:13:06-07:00,0,12
style.css,148,css,665e242f,Manning Karahashi,2026-04-09,18:13:06,-07:00,2026-04-09T18:13:06-07:00,1,15
style.css,149,css,665e242f,Manning Karahashi,2026-04-09,18:13:06,-07:00,2026-04-09T18:13:06-07:00,0,0
style.css,150,css,665e242f,Manning Karahashi,2026-04-09,18:13:06,-07:00,2026-04-09T18:13:06-07:00,0,0
style.css,151,css,665e242f,Manning Karahashi,2026-04-09,18:13:06,-07:00,2026-04-09T18:13:06-07:00,0,3
style.css,152,css,665e242f,Manning Karahashi,2026-04-09,18:13:06,-07:00,2026-04-09T18:13:06-07:00,0,8
style.css,153,css,665e242f,Manning Karahashi,2026-04-09,18:13:06,-07:00,2026-04-09T18:13:06-07:00,1,15
style.css,154,css,665e242f,Manning Karahashi,2026-04-09,18:13:06,-07:00,2026-04-09T18:13:06-07:00,1,38
style.css,155,css,665e242f,Manning Karahashi,2026-04-09,18:13:06,-07:00,2026-04-09T18:13:06-07:00,0,0
style.css,156,css,665e242f,Manning Karahashi,2026-04-09,18:13:06,-07:00,2026-04-09T18:13:06-07:00,0,0
style.css,157,css,665e242f,Manning Karahashi,2026-04-09,18:13:06,-07:00,2026-04-09T18:13:06-07:00,0,17
style.css,158,css,665e242f,Manning Karahashi,2026-04-09,18:13:06,-07:00,2026-04-09T18:13:06-07:00,0,22
style.css,159,css,665e242f,Manning Karahashi,2026-04-09,18:13:06,-07:00,2026-04-09T18:13:06-07:00,1,15
style.css,160,css,665e242f,Manning Karahashi,2026-04-09,18:13:06,-07:00,2026-04-09T18:13:06-07:00,1,13
style.css,161,css,665e242f,Manning Karahashi,2026-04-09,18:13:06,-07:00,2026-04-09T18:13:06-07:00,0,0
style.css,162,css,665e242f,Manning Karahashi,2026-04-09,18:13:06,-07:00,2026-04-09T18:13:06-07:00,0,0
style.css,163,css,665e242f,Manning Karahashi,2026-04-09,18:13:06,-07:00,2026-04-09T18:13:06-07:00,0,5
style.css,164,css,665e242f,Manning Karahashi,2026-04-09,18:13:06,-07:00,2026-04-09T18:13:06-07:00,0,10
style.css,165,css,665e242f,Manning Karahashi,2026-04-09,18:13:06,-07:00,2026-04-09T18:13:06-07:00,1,21
style.css,166,css,665e242f,Manning Karahashi,2026-04-09,18:13:06,-07:00,2026-04-09T18:13:06-07:00,0,0
style.css,167,css,665e242f,Manning Karahashi,2026-04-09,18:13:06,-07:00,2026-04-09T18:13:06-07:00,0,0
style.css,168,css,665e242f,Manning Karahashi,2026-04-09,18:13:06,-07:00,2026-04-09T18:13:06-07:00,0,11
style.css,169,css,665e242f,Manning Karahashi,2026-04-09,18:13:06,-07:00,2026-04-09T18:13:06-07:00,1,14
style.css,170,css,665e242f,Manning Karahashi,2026-04-09,18:13:06,-07:00,2026-04-09T18:13:06-07:00,1,38
style.css,171,css,665e242f,Manning Karahashi,2026-04-09,18:13:06,-07:00,2026-04-09T18:13:06-07:00,0,0
style.css,172,css,665e242f,Manning Karahashi,2026-04-09,18:13:06,-07:00,2026-04-09T18:13:06-07:00,0,0
style.css,173,css,665e242f,Manning Karahashi,2026-04-09,18:13:06,-07:00,2026-04-09T18:13:06-07:00,0,25
style.css,174,css,665e242f,Manning Karahashi,2026-04-09,18:13:06,-07:00,2026-04-09T18:13:06-07:00,1,15
style.css,175,css,665e242f,Manning Karahashi,2026-04-09,18:13:06,-07:00,2026-04-09T18:13:06-07:00,1,13
style.css,176,css,665e242f,Manning Karahashi,2026-04-09,18:13:06,-07:00,2026-04-09T18:13:06-07:00,0,0
style.css,177,css,665e242f,Manning Karahashi,2026-04-09,18:13:06,-07:00,2026-04-09T18:13:06-07:00,0,0
style.css,178,css,665e242f,Manning Karahashi,2026-04-09,18:13:06,-07:00,2026-04-09T18:13:06-07:00,0,14
style.css,179,css,665e242f,Manning Karahashi,2026-04-09,18:13:06,-07:00,2026-04-09T18:13:06-07:00,1,20
style.css,180,css,665e242f,Manning Karahashi,2026-04-09,18:13:06,-07:00,2026-04-09T18:13:06-07:00,0,0
style.css,181,css,665e242f,Manning Karahashi,2026-04-09,18:13:06,-07:00,2026-04-09T18:13:06-07:00,0,0
style.css,182,css,665e242f,Manning Karahashi,2026-04-09,18:13:06,-07:00,2026-04-09T18:13:06-07:00,0,13
style.css,183,css,665e242f,Manning Karahashi,2026-04-09,18:13:06,-07:00,2026-04-09T18:13:06-07:00,1,23
style.css,184,css,665e242f,Manning Karahashi,2026-04-09,18:13:06,-07:00,2026-04-09T18:13:06-07:00,0,0
style.css,185,css,665e242f,Manning Karahashi,2026-04-09,18:13:06,-07:00,2026-04-09T18:13:06-07:00,0,0
style.css,186,css,665e242f,Manning Karahashi,2026-04-09,18:13:06,-07:00,2026-04-09T18:13:06-07:00,0,14
style.css,187,css,665e242f,Manning Karahashi,2026-04-09,18:13:06,-07:00,2026-04-09T18:13:06-07:00,1,25
style.css,188,css,665e242f,Manning Karahashi,2026-04-09,18:13:06,-07:00,2026-04-09T18:13:06-07:00,0,0
style.css,189,css,665e242f,Manning Karahashi,2026-04-09,18:13:06,-07:00,2026-04-09T18:13:06-07:00,0,0
style.css,190,css,665e242f,Manning Karahashi,2026-04-09,18:13:06,-07:00,2026-04-09T18:13:06-07:00,0,2
style.css,191,css,665e242f,Manning Karahashi,2026-04-09,18:13:06,-07:00,2026-04-09T18:13:06-07:00,1,24
style.css,192,css,665e242f,Manning Karahashi,2026-04-09,18:13:06,-07:00,2026-04-09T18:13:06-07:00,1,9
style.css,193,css,665e242f,Manning Karahashi,2026-04-09,18:13:06,-07:00,2026-04-09T18:13:06-07:00,0,0
style.css,194,css,665e242f,Manning Karahashi,2026-04-09,18:13:06,-07:00,2026-04-09T18:13:06-07:00,0,0
style.css,195,css,665e242f,Manning Karahashi,2026-04-09,18:13:06,-07:00,2026-04-09T18:13:06-07:00,0,7
style.css,196,css,665e242f,Manning Karahashi,2026-04-09,18:13:06,-07:00,2026-04-09T18:13:06-07:00,1,18
style.css,197,css,665e242f,Manning Karahashi,2026-04-09,18:13:06,-07:00,2026-04-09T18:13:06-07:00,0,0
style.css,198,css,665e242f,Manning Karahashi,2026-04-09,18:13:06,-07:00,2026-04-09T18:13:06-07:00,0,0
style.css,199,css,665e242f,Manning Karahashi,2026-04-09,18:13:06,-07:00,2026-04-09T18:13:06-07:00,0,6
style.css,200,css,665e242f,Manning Karahashi,2026-04-09,18:13:06,-07:00,2026-04-09T18:13:06-07:00,0,10
style.css,201,css,665e242f,Manning Karahashi,2026-04-09,18:13:06,-07:00,2026-04-09T18:13:06-07:00,0,13
style.css,202,css,665e242f,Manning Karahashi,2026-04-09,18:13:06,-07:00,2026-04-09T18:13:06-07:00,1,23
style.css,203,css,665e242f,Manning Karahashi,2026-04-09,18:13:06,-07:00,2026-04-09T18:13:06-07:00,1,17
style.css,204,css,b21abf60,Manning Karahashi,2026-04-16,18:49:32,-07:00,2026-04-16T18:49:32-07:00,0,0
style.css,205,css,b21abf60,Manning Karahashi,2026-04-16,18:49:32,-07:00,2026-04-16T18:49:32-07:00,0,0
style.css,206,css,b21abf60,Manning Karahashi,2026-04-16,18:49:32,-07:00,2026-04-16T18:49:32-07:00,0,4
style.css,207,css,b21abf60,Manning Karahashi,2026-04-16,18:49:32,-07:00,2026-04-16T18:49:32-07:00,1,23
style.css,208,css,b21abf60,Manning Karahashi,2026-04-16,18:49:32,-07:00,2026-04-16T18:49:32-07:00,0,0
style.css,209,css,b21abf60,Manning Karahashi,2026-04-16,18:49:32,-07:00,2026-04-16T18:49:32-07:00,0,0
style.css,210,css,b21abf60,Manning Karahashi,2026-04-16,18:49:32,-07:00,2026-04-16T18:49:32-07:00,0,13
style.css,211,css,b21abf60,Manning Karahashi,2026-04-16,18:49:32,-07:00,2026-04-16T18:49:32-07:00,1,17
style.css,212,css,b21abf60,Manning Karahashi,2026-04-16,18:49:32,-07:00,2026-04-16T18:49:32-07:00,1,8
style.css,213,css,b21abf60,Manning Karahashi,2026-04-16,18:49:32,-07:00,2026-04-16T18:49:32-07:00,1,10
style.css,214,css,b21abf60,Manning Karahashi,2026-04-16,18:49:32,-07:00,2026-04-16T18:49:32-07:00,1,13
style.css,215,css,b21abf60,Manning Karahashi,2026-04-16,18:49:32,-07:00,2026-04-16T18:49:32-07:00,1,19
style.css,216,css,903e894f,Manning Karahashi,2026-04-25,17:07:31,-07:00,2026-04-25T17:07:31-07:00,0,0
style.css,217,css,903e894f,Manning Karahashi,2026-04-25,17:07:31,-07:00,2026-04-25T17:07:31-07:00,0,0
style.css,218,css,903e894f,Manning Karahashi,2026-04-25,17:07:31,-07:00,2026-04-25T17:07:31-07:00,0,14
style.css,219,css,903e894f,Manning Karahashi,2026-04-25,17:07:31,-07:00,2026-04-25T17:07:31-07:00,1,15
style.css,220,css,903e894f,Manning Karahashi,2026-04-25,17:07:31,-07:00,2026-04-25T17:07:31-07:00,1,18
style.css,221,css,903e894f,Manning Karahashi,2026-04-25,17:07:31,-07:00,2026-04-25T17:07:31-07:00,1,34
style.css,222,css,903e894f,Manning Karahashi,2026-04-25,17:07:31,-07:00,2026-04-25T17:07:31-07:00,1,20
style.css,223,css,903e894f,Manning Karahashi,2026-04-25,17:07:31,-07:00,2026-04-25T17:07:31-07:00,1,42
style.css,224,css,903e894f,Manning Karahashi,2026-04-25,17:07:31,-07:00,2026-04-25T17:07:31-07:00,0,0
style.css,225,css,903e894f,Manning Karahashi,2026-04-25,17:07:31,-07:00,2026-04-25T17:07:31-07:00,0,0
style.css,226,css,903e894f,Manning Karahashi,2026-04-25,17:07:31,-07:00,2026-04-25T17:07:31-07:00,0,17
style.css,227,css,903e894f,Manning Karahashi,2026-04-25,17:07:31,-07:00,2026-04-25T17:07:31-07:00,1,12
style.css,228,css,903e894f,Manning Karahashi,2026-04-25,17:07:31,-07:00,2026-04-25T17:07:31-07:00,1,36
style.css,229,css,903e894f,Manning Karahashi,2026-04-25,17:07:31,-07:00,2026-04-25T17:07:31-07:00,1,8
style.css,230,css,903e894f,Manning Karahashi,2026-04-25,17:07:31,-07:00,2026-04-25T17:07:31-07:00,0,0
style.css,231,css,903e894f,Manning Karahashi,2026-04-25,17:07:31,-07:00,2026-04-25T17:07:31-07:00,0,0
style.css,232,css,903e894f,Manning Karahashi,2026-04-25,17:07:31,-07:00,2026-04-25T17:07:31-07:00,0,17
style.css,233,css,903e894f,Manning Karahashi,2026-04-25,17:07:31,-07:00,2026-04-25T17:07:31-07:00,1,10
style.css,234,css,903e894f,Manning Karahashi,2026-04-25,17:07:31,-07:00,2026-04-25T17:07:31-07:00,1,16
style.css,235,css,903e894f,Manning Karahashi,2026-04-25,17:07:31,-07:00,2026-04-25T17:07:31-07:00,1,23
style.css,236,css,903e894f,Manning Karahashi,2026-04-25,17:07:31,-07:00,2026-04-25T17:07:31-07:00,1,17
style.css,237,css,903e894f,Manning Karahashi,2026-04-25,17:07:31,-07:00,2026-04-25T17:07:31-07:00,0,0
style.css,238,css,903e894f,Manning Karahashi,2026-04-25,17:07:31,-07:00,2026-04-25T17:07:31-07:00,0,0
style.css,239,css,903e894f,Manning Karahashi,2026-04-25,17:07:31,-07:00,2026-04-25T17:07:31-07:00,0,17
style.css,240,css,903e894f,Manning Karahashi,2026-04-25,17:07:31,-07:00,2026-04-25T17:07:31-07:00,1,10
style.css,241,css,903e894f,Manning Karahashi,2026-04-25,17:07:31,-07:00,2026-04-25T17:07:31-07:00,1,16
style.css,242,css,903e894f,Manning Karahashi,2026-04-25,17:07:31,-07:00,2026-04-25T17:07:31-07:00,1,15
style.css,243,css,903e894f,Manning Karahashi,2026-04-25,17:07:31,-07:00,2026-04-25T17:07:31-07:00,1,17
style.css,244,css,903e894f,Manning Karahashi,2026-04-25,17:07:31,-07:00,2026-04-25T17:07:31-07:00,1,8
style.css,245,css,f1c774f1,Manning Karahashi,2026-04-30,20:38:33,-07:00,2026-04-30T20:38:33-07:00,0,0
style.css,246,css,f1c774f1,Manning Karahashi,2026-04-30,20:38:33,-07:00,2026-04-30T20:38:33-07:00,0,0
style.css,247,css,f1c774f1,Manning Karahashi,2026-04-30,20:38:33,-07:00,2026-04-30T20:38:33-07:00,0,13
style.css,248,css,f1c774f1,Manning Karahashi,2026-04-30,20:38:33,-07:00,2026-04-30T20:38:33-07:00,1,30
style.css,249,css,f1c774f1,Manning Karahashi,2026-04-30,20:38:33,-07:00,2026-04-30T20:38:33-07:00,1,34
style.css,250,css,f1c774f1,Manning Karahashi,2026-04-30,20:38:33,-07:00,2026-04-30T20:38:33-07:00,1,10
style.css,251,css,f1c774f1,Manning Karahashi,2026-04-30,20:38:33,-07:00,2026-04-30T20:38:33-07:00,1,18
style.css,252,css,f1c774f1,Manning Karahashi,2026-04-30,20:38:33,-07:00,2026-04-30T20:38:33-07:00,0,0
style.css,253,css,f1c774f1,Manning Karahashi,2026-04-30,20:38:33,-07:00,2026-04-30T20:38:33-07:00,0,0
style.css,254,css,f1c774f1,Manning Karahashi,2026-04-30,20:38:33,-07:00,2026-04-30T20:38:33-07:00,0,18
style.css,255,css,f1c774f1,Manning Karahashi,2026-04-30,20:38:33,-07:00,2026-04-30T20:38:33-07:00,1,14
style.css,256,css,f1c774f1,Manning Karahashi,2026-04-30,20:38:33,-07:00,2026-04-30T20:38:33-07:00,1,16
style.css,257,css,f1c774f1,Manning Karahashi,2026-04-30,20:38:33,-07:00,2026-04-30T20:38:33-07:00,1,16
style.css,258,css,f1c774f1,Manning Karahashi,2026-04-30,20:38:33,-07:00,2026-04-30T20:38:33-07:00,0,0
style.css,259,css,f1c774f1,Manning Karahashi,2026-04-30,20:38:33,-07:00,2026-04-30T20:38:33-07:00,0,0
style.css,260,css,f1c774f1,Manning Karahashi,2026-04-30,20:38:33,-07:00,2026-04-30T20:38:33-07:00,0,16
style.css,261,css,f1c774f1,Manning Karahashi,2026-04-30,20:38:33,-07:00,2026-04-30T20:38:33-07:00,1,12
style.css,262,css,f1c774f1,Manning Karahashi,2026-04-30,20:38:33,-07:00,2026-04-30T20:38:33-07:00,1,18
style.css,263,css,f1c774f1,Manning Karahashi,2026-04-30,20:38:33,-07:00,2026-04-30T20:38:33-07:00,1,7
style.css,264,css,f1c774f1,Manning Karahashi,2026-04-30,20:38:33,-07:00,2026-04-30T20:38:33-07:00,1,14
style.css,265,css,f1c774f1,Manning Karahashi,2026-04-30,20:38:33,-07:00,2026-04-30T20:38:33-07:00,0,0
style.css,266,css,f1c774f1,Manning Karahashi,2026-04-30,20:38:33,-07:00,2026-04-30T20:38:33-07:00,0,0
style.css,267,css,f1c774f1,Manning Karahashi,2026-04-30,20:38:33,-07:00,2026-04-30T20:38:33-07:00,0,7
style.css,268,css,f1c774f1,Manning Karahashi,2026-04-30,20:38:33,-07:00,2026-04-30T20:38:33-07:00,1,12
style.css,269,css,f1c774f1,Manning Karahashi,2026-04-30,20:38:33,-07:00,2026-04-30T20:38:33-07:00,1,57
style.css,270,css,f1c774f1,Manning Karahashi,2026-04-30,20:38:33,-07:00,2026-04-30T20:38:33-07:00,1,9
style.css,271,css,f1c774f1,Manning Karahashi,2026-04-30,20:38:33,-07:00,2026-04-30T20:38:33-07:00,1,11
style.css,272,css,f1c774f1,Manning Karahashi,2026-04-30,20:38:33,-07:00,2026-04-30T20:38:33-07:00,1,8
style.css,273,css,f1c774f1,Manning Karahashi,2026-04-30,20:38:33,-07:00,2026-04-30T20:38:33-07:00,1,34
style.css,274,css,f1c774f1,Manning Karahashi,2026-04-30,20:38:33,-07:00,2026-04-30T20:38:33-07:00,1,19
style.css,275,css,f1c774f1,Manning Karahashi,2026-04-30,20:38:33,-07:00,2026-04-30T20:38:33-07:00,1,15
style.css,276,css,f1c774f1,Manning Karahashi,2026-04-30,20:38:33,-07:00,2026-04-30T20:38:33-07:00,1,6
style.css,277,css,f1c774f1,Manning Karahashi,2026-04-30,20:38:33,-07:00,2026-04-30T20:38:33-07:00,0,0
style.css,278,css,f1c774f1,Manning Karahashi,2026-04-30,20:38:33,-07:00,2026-04-30T20:38:33-07:00,0,0
style.css,279,css,f1c774f1,Manning Karahashi,2026-04-30,20:38:33,-07:00,2026-04-30T20:38:33-07:00,0,12
style.css,280,css,f1c774f1,Manning Karahashi,2026-04-30,20:38:33,-07:00,2026-04-30T20:38:33-07:00,1,12
style.css,281,css,f1c774f1,Manning Karahashi,2026-04-30,20:38:33,-07:00,2026-04-30T20:38:33-07:00,1,18
style.css,282,css,f1c774f1,Manning Karahashi,2026-04-30,20:38:33,-07:00,2026-04-30T20:38:33-07:00,1,9
style.css,283,css,f1c774f1,Manning Karahashi,2026-04-30,20:38:33,-07:00,2026-04-30T20:38:33-07:00,0,0
style.css,284,css,f1c774f1,Manning Karahashi,2026-04-30,20:38:33,-07:00,2026-04-30T20:38:33-07:00,0,0
style.css,285,css,f1c774f1,Manning Karahashi,2026-04-30,20:38:33,-07:00,2026-04-30T20:38:33-07:00,0,7
style.css,286,css,f1c774f1,Manning Karahashi,2026-04-30,20:38:33,-07:00,2026-04-30T20:38:33-07:00,1,20
style.css,287,css,f1c774f1,Manning Karahashi,2026-04-30,20:38:33,-07:00,2026-04-30T20:38:33-07:00,1,9
style.css,288,css,f1c774f1,Manning Karahashi,2026-04-30,20:38:33,-07:00,2026-04-30T20:38:33-07:00,1,18
style.css,289,css,f1c774f1,Manning Karahashi,2026-04-30,20:38:33,-07:00,2026-04-30T20:38:33-07:00,1,29
style.css,290,css,f1c774f1,Manning Karahashi,2026-04-30,20:38:33,-07:00,2026-04-30T20:38:33-07:00,1,17
style.css,291,css,f1c774f1,Manning Karahashi,2026-04-30,20:38:33,-07:00,2026-04-30T20:38:33-07:00,1,13
style.css,292,css,f1c774f1,Manning Karahashi,2026-04-30,20:38:33,-07:00,2026-04-30T20:38:33-07:00,0,0
style.css,293,css,f1c774f1,Manning Karahashi,2026-04-30,20:38:33,-07:00,2026-04-30T20:38:33-07:00,0,0
style.css,294,css,f1c774f1,Manning Karahashi,2026-04-30,20:38:33,-07:00,2026-04-30T20:38:33-07:00,0,10
style.css,295,css,f1c774f1,Manning Karahashi,2026-04-30,20:38:33,-07:00,2026-04-30T20:38:33-07:00,1,13
style.css,296,css,f1c774f1,Manning Karahashi,2026-04-30,20:38:33,-07:00,2026-04-30T20:38:33-07:00,1,10
style.css,297,css,f1c774f1,Manning Karahashi,2026-04-30,20:38:33,-07:00,2026-04-30T20:38:33-07:00,1,17
style.css,298,css,f1c774f1,Manning Karahashi,2026-04-30,20:38:33,-07:00,2026-04-30T20:38:33-07:00,1,16
style.css,299,css,f1c774f1,Manning Karahashi,2026-04-30,20:38:33,-07:00,2026-04-30T20:38:33-07:00,1,12
style.css,300,css,f1c774f1,Manning Karahashi,2026-04-30,20:38:33,-07:00,2026-04-30T20:38:33-07:00,1,34
style.css,301,css,f1c774f1,Manning Karahashi,2026-04-30,20:38:33,-07:00,2026-04-30T20:38:33-07:00,1,17
style.css,302,css,f1c774f1,Manning Karahashi,2026-04-30,20:38:33,-07:00,2026-04-30T20:38:33-07:00,0,0
style.css,303,css,f1c774f1,Manning Karahashi,2026-04-30,20:38:33,-07:00,2026-04-30T20:38:33-07:00,0,0
style.css,304,css,f1c774f1,Manning Karahashi,2026-04-30,20:38:33,-07:00,2026-04-30T20:38:33-07:00,0,23
style.css,305,css,f1c774f1,Manning Karahashi,2026-04-30,20:38:33,-07:00,2026-04-30T20:38:33-07:00,1,14
style.css,306,css,f1c774f1,Manning Karahashi,2026-04-30,20:38:33,-07:00,2026-04-30T20:38:33-07:00,1,16
style.css,307,css,f1c774f1,Manning Karahashi,2026-04-30,20:38:33,-07:00,2026-04-30T20:38:33-07:00,0,0
style.css,308,css,f1c774f1,Manning Karahashi,2026-04-30,20:38:33,-07:00,2026-04-30T20:38:33-07:00,0,0
style.css,309,css,f1c774f1,Manning Karahashi,2026-04-30,20:38:33,-07:00,2026-04-30T20:38:33-07:00,0,51
style.css,310,css,f1c774f1,Manning Karahashi,2026-04-30,20:38:33,-07:00,2026-04-30T20:38:33-07:00,1,11
style.css,311,css,f1c774f1,Manning Karahashi,2026-04-30,20:38:33,-07:00,2026-04-30T20:38:33-07:00,0,0
style.css,312,css,f1c774f1,Manning Karahashi,2026-04-30,20:38:33,-07:00,2026-04-30T20:38:33-07:00,0,0
style.css,313,css,f1c774f1,Manning Karahashi,2026-04-30,20:38:33,-07:00,2026-04-30T20:38:33-07:00,0,9
style.css,314,css,f1c774f1,Manning Karahashi,2026-04-30,20:38:33,-07:00,2026-04-30T20:38:33-07:00,1,35
style.css,315,css,f1c774f1,Manning Karahashi,2026-04-30,20:38:33,-07:00,2026-04-30T20:38:33-07:00,0,0
style.css,316,css,f1c774f1,Manning Karahashi,2026-04-30,20:38:33,-07:00,2026-04-30T20:38:33-07:00,0,0
style.css,317,css,f1c774f1,Manning Karahashi,2026-04-30,20:38:33,-07:00,2026-04-30T20:38:33-07:00,0,18
style.css,318,css,f1c774f1,Manning Karahashi,2026-04-30,20:38:33,-07:00,2026-04-30T20:38:33-07:00,1,17
style.css,319,css,00000000,Not Committed Yet,2026-05-06,16:57:01,-07:00,2026-05-06T16:57:01-07:00,0,0
style.css,320,css,00000000,Not Committed Yet,2026-05-06,16:57:01,-07:00,2026-05-06T16:57:01-07:00,0,0
style.css,321,css,00000000,Not Committed Yet,2026-05-06,16:57:01,-07:00,2026-05-06T16:57:01-07:00,0,25
style.css,322,css,00000000,Not Committed Yet,2026-05-06,16:57:01,-07:00,2026-05-06T16:57:01-07:00,0,8
style.css,323,css,00000000,Not Committed Yet,2026-05-06,16:57:01,-07:00,2026-05-06T16:57:01-07:00,2,12
style.css,324,css,00000000,Not Committed Yet,2026-05-06,16:57:01,-07:00,2026-05-06T16:57:01-07:00,2,30
style.css,325,css,00000000,Not Committed Yet,2026-05-06,16:57:01,-07:00,2026-05-06T16:57:01-07:00,2,14
style.css,326,css,00000000,Not Committed Yet,2026-05-06,16:57:01,-07:00,2026-05-06T16:57:01-07:00,2,12
style.css,327,css,00000000,Not Committed Yet,2026-05-06,16:57:01,-07:00,2026-05-06T16:57:01-07:00,2,18
style.css,328,css,00000000,Not Committed Yet,2026-05-06,16:57:01,-07:00,2026-05-06T16:57:01-07:00,2,34
style.css,329,css,00000000,Not Committed Yet,2026-05-06,16:57:01,-07:00,2026-05-06T16:57:01-07:00,2,20
style.css,330,css,00000000,Not Committed Yet,2026-05-06,16:57:01,-07:00,2026-05-06T16:57:01-07:00,0,0
style.css,331,css,00000000,Not Committed Yet,2026-05-06,16:57:01,-07:00,2026-05-06T16:57:01-07:00,0,0
style.css,332,css,00000000,Not Committed Yet,2026-05-06,16:57:01,-07:00,2026-05-06T16:57:01-07:00,0,11
style.css,333,css,00000000,Not Committed Yet,2026-05-06,16:57:01,-07:00,2026-05-06T16:57:01-07:00,2,16
style.css,334,css,00000000,Not Committed Yet,2026-05-06,16:57:01,-07:00,2026-05-06T16:57:01-07:00,2,23
style.css,335,css,00000000,Not Committed Yet,2026-05-06,16:57:01,-07:00,2026-05-06T16:57:01-07:00,0,0
style.css,336,css,00000000,Not Committed Yet,2026-05-06,16:57:01,-07:00,2026-05-06T16:57:01-07:00,0,0
style.css,337,css,00000000,Not Committed Yet,2026-05-06,16:57:01,-07:00,2026-05-06T16:57:01-07:00,0,11
style.css,338,css,00000000,Not Committed Yet,2026-05-06,16:57:01,-07:00,2026-05-06T16:57:01-07:00,2,15
style.css,339,css,00000000,Not Committed Yet,2026-05-06,16:57:01,-07:00,2026-05-06T16:57:01-07:00,2,8
style.css,340,css,00000000,Not Committed Yet,2026-05-06,16:57:01,-07:00,2026-05-06T16:57:01-07:00,0,0
style.css,341,css,00000000,Not Committed Yet,2026-05-06,16:57:01,-07:00,2026-05-06T16:57:01-07:00,0,0
style.css,342,css,00000000,Not Committed Yet,2026-05-06,16:57:01,-07:00,2026-05-06T16:57:01-07:00,0,17
style.css,343,css,00000000,Not Committed Yet,2026-05-06,16:57:01,-07:00,2026-05-06T16:57:01-07:00,0,8
style.css,344,css,00000000,Not Committed Yet,2026-05-06,16:57:01,-07:00,2026-05-06T16:57:01-07:00,2,14
style.css,345,css,00000000,Not Committed Yet,2026-05-06,16:57:01,-07:00,2026-05-06T16:57:01-07:00,2,7
style.css,346,css,00000000,Not Committed Yet,2026-05-06,16:57:01,-07:00,2026-05-06T16:57:01-07:00,2,8
style.css,347,css,00000000,Not Committed Yet,2026-05-06,16:57:01,-07:00,2026-05-06T16:57:01-07:00,2,55
style.css,348,css,00000000,Not Committed Yet,2026-05-06,16:57:01,-07:00,2026-05-06T16:57:01-07:00,2,25
style.css,349,css,00000000,Not Committed Yet,2026-05-06,16:57:01,-07:00,2026-05-06T16:57:01-07:00,2,42
style.css,350,css,00000000,Not Committed Yet,2026-05-06,16:57:01,-07:00,2026-05-06T16:57:01-07:00,2,19
style.css,351,css,00000000,Not Committed Yet,2026-05-06,16:57:01,-07:00,2026-05-06T16:57:01-07:00,2,18
style.css,352,css,00000000,Not Committed Yet,2026-05-06,16:57:01,-07:00,2026-05-06T16:57:01-07:00,2,19
style.css,353,css,00000000,Not Committed Yet,2026-05-06,16:57:01,-07:00,2026-05-06T16:57:01-07:00,2,11
style.css,354,css,00000000,Not Committed Yet,2026-05-06,16:57:01,-07:00,2026-05-06T16:57:01-07:00,0,0
style.css,355,css,00000000,Not Committed Yet,2026-05-06,16:57:01,-07:00,2026-05-06T16:57:01-07:00,0,0
style.css,356,css,00000000,Not Committed Yet,2026-05-06,16:57:01,-07:00,2026-05-06T16:57:01-07:00,0,7
style.css,357,css,00000000,Not Committed Yet,2026-05-06,16:57:01,-07:00,2026-05-06T16:57:01-07:00,2,12
style.css,358,css,00000000,Not Committed Yet,2026-05-06,16:57:01,-07:00,2026-05-06T16:57:01-07:00,2,30
style.css,359,css,00000000,Not Committed Yet,2026-05-06,16:57:01,-07:00,2026-05-06T16:57:01-07:00,2,13
style.css,360,css,00000000,Not Committed Yet,2026-05-06,16:57:01,-07:00,2026-05-06T16:57:01-07:00,2,8
style.css,361,css,00000000,Not Committed Yet,2026-05-06,16:57:01,-07:00,2026-05-06T16:57:01-07:00,2,25
style.css,362,css,00000000,Not Committed Yet,2026-05-06,16:57:01,-07:00,2026-05-06T16:57:01-07:00,2,39
style.css,363,css,00000000,Not Committed Yet,2026-05-06,16:57:01,-07:00,2026-05-06T16:57:01-07:00,0,0
style.css,364,css,00000000,Not Committed Yet,2026-05-06,16:57:01,-07:00,2026-05-06T16:57:01-07:00,0,0
style.css,365,css,00000000,Not Committed Yet,2026-05-06,16:57:01,-07:00,2026-05-06T16:57:01-07:00,0,10
style.css,366,css,00000000,Not Committed Yet,2026-05-06,16:57:01,-07:00,2026-05-06T16:57:01-07:00,2,15
style.css,367,css,00000000,Not Committed Yet,2026-05-06,16:57:01,-07:00,2026-05-06T16:57:01-07:00,2,23
style.css,368,css,00000000,Not Committed Yet,2026-05-06,16:57:01,-07:00,2026-05-06T16:57:01-07:00,0,0
style.css,369,css,00000000,Not Committed Yet,2026-05-06,16:57:01,-07:00,2026-05-06T16:57:01-07:00,0,0
style.css,370,css,00000000,Not Committed Yet,2026-05-06,16:57:01,-07:00,2026-05-06T16:57:01-07:00,0,10
style.css,371,css,00000000,Not Committed Yet,2026-05-06,16:57:01,-07:00,2026-05-06T16:57:01-07:00,2,8
style.css,372,css,00000000,Not Committed Yet,2026-05-06,16:57:01,-07:00,2026-05-06T16:57:01-07:00,2,15
style.css,373,css,00000000,Not Committed Yet,2026-05-06,16:57:01,-07:00,2026-05-06T16:57:01-07:00,2,15
style.css,374,css,00000000,Not Committed Yet,2026-05-06,16:57:01,-07:00,2026-05-06T16:57:01-07:00,2,22
style.css,375,css,00000000,Not Committed Yet,2026-05-06,16:57:01,-07:00,2026-05-06T16:57:01-07:00,2,18
style.css,376,css,00000000,Not Committed Yet,2026-05-06,16:57:01,-07:00,2026-05-06T16:57:01-07:00,2,14
style.css,377,css,00000000,Not Committed Yet,2026-05-06,16:57:01,-07:00,2026-05-06T16:57:01-07:00,0,0
style.css,378,css,00000000,Not Committed Yet,2026-05-06,16:57:01,-07:00,2026-05-06T16:57:01-07:00,0,0
style.css,379,css,00000000,Not Committed Yet,2026-05-06,16:57:01,-07:00,2026-05-06T16:57:01-07:00,0,42
style.css,380,css,00000000,Not Committed Yet,2026-05-06,16:57:01,-07:00,2026-05-06T16:57:01-07:00,2,9
style.css,381,css,00000000,Not Committed Yet,2026-05-06,16:57:01,-07:00,2026-05-06T16:57:01-07:00,2,17
style.css,382,css,00000000,Not Committed Yet,2026-05-06,16:57:01,-07:00,2026-05-06T16:57:01-07:00,0,0
style.css,383,css,00000000,Not Committed Yet,2026-05-06,16:57:01,-07:00,2026-05-06T16:57:01-07:00,0,0
style.css,384,css,00000000,Not Committed Yet,2026-05-06,16:57:01,-07:00,2026-05-06T16:57:01-07:00,0,29
style.css,385,css,00000000,Not Committed Yet,2026-05-06,16:57:01,-07:00,2026-05-06T16:57:01-07:00,0,6
style.css,386,css,00000000,Not Committed Yet,2026-05-06,16:57:01,-07:00,2026-05-06T16:57:01-07:00,2,16
style.css,387,css,00000000,Not Committed Yet,2026-05-06,16:57:01,-07:00,2026-05-06T16:57:01-07:00,2,23
style.css,388,css,00000000,Not Committed Yet,2026-05-06,16:57:01,-07:00,2026-05-06T16:57:01-07:00,2,22
style.css,389,css,00000000,Not Committed Yet,2026-05-06,16:57:01,-07:00,2026-05-06T16:57:01-07:00,2,14
style.css,390,css,00000000,Not Committed Yet,2026-05-06,16:57:01,-07:00,2026-05-06T16:57:01-07:00,0,0
style.css,391,css,00000000,Not Committed Yet,2026-05-06,16:57:01,-07:00,2026-05-06T16:57:01-07:00,0,0
style.css,392,css,00000000,Not Committed Yet,2026-05-06,16:57:01,-07:00,2026-05-06T16:57:01-07:00,0,12
style.css,393,css,00000000,Not Committed Yet,2026-05-06,16:57:01,-07:00,2026-05-06T16:57:01-07:00,2,20
style.css,394,css,00000000,Not Committed Yet,2026-05-06,16:57:01,-07:00,2026-05-06T16:57:01-07:00,0,0
style.css,395,css,00000000,Not Committed Yet,2026-05-06,16:57:01,-07:00,2026-05-06T16:57:01-07:00,0,0
style.css,396,css,00000000,Not Committed Yet,2026-05-06,16:57:01,-07:00,2026-05-06T16:57:01-07:00,0,15
style.css,397,css,00000000,Not Committed Yet,2026-05-06,16:57:01,-07:00,2026-05-06T16:57:01-07:00,2,23
style.css,398,css,00000000,Not Committed Yet,2026-05-06,16:57:01,-07:00,2026-05-06T16:57:01-07:00,2,25
style.css,399,css,00000000,Not Committed Yet,2026-05-06,16:57:01,-07:00,2026-05-06T16:57:01-07:00,0,0
style.css,400,css,00000000,Not Committed Yet,2026-05-06,16:57:01,-07:00,2026-05-06T16:57:01-07:00,0,0
style.css,401,css,00000000,Not Committed Yet,2026-05-06,16:57:01,-07:00,2026-05-06T16:57:01-07:00,0,19
style.css,402,css,00000000,Not Committed Yet,2026-05-06,16:57:01,-07:00,2026-05-06T16:57:01-07:00,0,15
style.css,403,css,00000000,Not Committed Yet,2026-05-06,16:57:01,-07:00,2026-05-06T16:57:01-07:00,2,27
style.css,404,css,00000000,Not Committed Yet,2026-05-06,16:57:01,-07:00,2026-05-06T16:57:01-07:00,2,16
style.css,405,css,00000000,Not Committed Yet,2026-05-06,16:57:01,-07:00,2026-05-06T16:57:01-07:00,0,0
style.css,406,css,00000000,Not Committed Yet,2026-05-06,16:57:01,-07:00,2026-05-06T16:57:01-07:00,0,0
style.css,407,css,00000000,Not Committed Yet,2026-05-06,16:57:01,-07:00,2026-05-06T16:57:01-07:00,0,15
style.css,408,css,00000000,Not Committed Yet,2026-05-06,16:57:01,-07:00,2026-05-06T16:57:01-07:00,2,12
style.css,409,css,00000000,Not Committed Yet,2026-05-06,16:57:01,-07:00,2026-05-06T16:57:01-07:00,0,0
style.css,410,css,00000000,Not Committed Yet,2026-05-06,16:57:01,-07:00,2026-05-06T16:57:01-07:00,0,0
style.css,411,css,00000000,Not Committed Yet,2026-05-06,16:57:01,-07:00,2026-05-06T16:57:01-07:00,0,35
style.css,412,css,00000000,Not Committed Yet,2026-05-06,16:57:01,-07:00,2026-05-06T16:57:01-07:00,0,24
style.css,413,css,00000000,Not Committed Yet,2026-05-06,16:57:01,-07:00,2026-05-06T16:57:01-07:00,2,27
style.css,414,css,00000000,Not Committed Yet,2026-05-06,16:57:01,-07:00,2026-05-06T16:57:01-07:00,0,0
style.css,415,css,00000000,Not Committed Yet,2026-05-06,16:57:01,-07:00,2026-05-06T16:57:01-07:00,0,0
style.css,416,css,00000000,Not Committed Yet,2026-05-06,16:57:01,-07:00,2026-05-06T16:57:01-07:00,0,10
style.css,417,css,00000000,Not Committed Yet,2026-05-06,16:57:01,-07:00,2026-05-06T16:57:01-07:00,2,16
style.css,418,css,00000000,Not Committed Yet,2026-05-06,16:57:01,-07:00,2026-05-06T16:57:01-07:00,2,12
style.css,419,css,00000000,Not Committed Yet,2026-05-06,16:57:01,-07:00,2026-05-06T16:57:01-07:00,2,18
style.css,420,css,00000000,Not Committed Yet,2026-05-06,16:57:01,-07:00,2026-05-06T16:57:01-07:00,2,20
style.css,421,css,00000000,Not Committed Yet,2026-05-06,16:57:01,-07:00,2026-05-06T16:57:01-07:00,2,42
style.css,422,css,3b2c5c79,Manning Karahashi,2026-04-03,01:59:08,-07:00,2026-04-03T01:59:08-07:00,0,0
index.js,1,js,903e894f,Manning Karahashi,2026-04-25,17:07:31,-07:00,2026-04-25T17:07:31-07:00,0,71
index.js,2,js,903e894f,Manning Karahashi,2026-04-25,17:07:31,-07:00,2026-04-25T17:07:31-07:00,0,0
index.js,3,js,903e894f,Manning Karahashi,2026-04-25,17:07:31,-07:00,2026-04-25T17:07:31-07:00,0,54
index.js,4,js,903e894f,Manning Karahashi,2026-04-25,17:07:31,-07:00,2026-04-25T17:07:31-07:00,0,42
index.js,5,js,903e894f,Manning Karahashi,2026-04-25,17:07:31,-07:00,2026-04-25T17:07:31-07:00,0,0
index.js,6,js,903e894f,Manning Karahashi,2026-04-25,17:07:31,-07:00,2026-04-25T17:07:31-07:00,0,60
index.js,7,js,903e894f,Manning Karahashi,2026-04-25,17:07:31,-07:00,2026-04-25T17:07:31-07:00,0,54
index.js,8,js,903e894f,Manning Karahashi,2026-04-25,17:07:31,-07:00,2026-04-25T17:07:31-07:00,0,0
index.js,9,js,903e894f,Manning Karahashi,2026-04-25,17:07:31,-07:00,2026-04-25T17:07:31-07:00,0,59
index.js,10,js,903e894f,Manning Karahashi,2026-04-25,17:07:31,-07:00,2026-04-25T17:07:31-07:00,0,0
index.js,11,js,903e894f,Manning Karahashi,2026-04-25,17:07:31,-07:00,2026-04-25T17:07:31-07:00,0,60
index.js,12,js,903e894f,Manning Karahashi,2026-04-25,17:07:31,-07:00,2026-04-25T17:07:31-07:00,0,17
index.js,13,js,903e894f,Manning Karahashi,2026-04-25,17:07:31,-07:00,2026-04-25T17:07:31-07:00,2,24
index.js,14,js,903e894f,Manning Karahashi,2026-04-25,17:07:31,-07:00,2026-04-25T17:07:31-07:00,4,2
index.js,15,js,903e894f,Manning Karahashi,2026-04-25,17:07:31,-07:00,2026-04-25T17:07:31-07:00,6,55
index.js,16,js,903e894f,Manning Karahashi,2026-04-25,17:07:31,-07:00,2026-04-25T17:07:31-07:00,6,55
index.js,17,js,903e894f,Manning Karahashi,2026-04-25,17:07:31,-07:00,2026-04-25T17:07:31-07:00,6,49
index.js,18,js,903e894f,Manning Karahashi,2026-04-25,17:07:31,-07:00,2026-04-25T17:07:31-07:00,6,49
index.js,19,js,903e894f,Manning Karahashi,2026-04-25,17:07:31,-07:00,2026-04-25T17:07:31-07:00,4,3
index.js,20,js,903e894f,Manning Karahashi,2026-04-25,17:07:31,-07:00,2026-04-25T17:07:31-07:00,2,0
index.js,21,js,903e894f,Manning Karahashi,2026-04-25,17:07:31,-07:00,2026-04-25T17:07:31-07:00,0,0
index.html,1,html,5ac82217,Manning Karahashi,2026-04-03,01:57:28,-07:00,2026-04-03T01:57:28-07:00,0,13
index.html,2,html,5ac82217,Manning Karahashi,2026-04-03,01:57:28,-07:00,2026-04-03T01:57:28-07:00,0,14
index.html,3,html,5ac82217,Manning Karahashi,2026-04-03,01:57:28,-07:00,2026-04-03T01:57:28-07:00,0,4
index.html,4,html,5ac82217,Manning Karahashi,2026-04-03,01:57:28,-07:00,2026-04-03T01:57:28-07:00,2,20
index.html,5,html,5ac82217,Manning Karahashi,2026-04-03,01:57:28,-07:00,2026-04-03T01:57:28-07:00,2,68
index.html,6,html,5ac82217,Manning Karahashi,2026-04-03,01:57:28,-07:00,2026-04-03T01:57:28-07:00,2,59
index.html,7,html,5ac82217,Manning Karahashi,2026-04-03,01:57:28,-07:00,2026-04-03T01:57:28-07:00,2,38
index.html,8,html,b21abf60,Manning Karahashi,2026-04-16,18:49:32,-07:00,2026-04-16T18:49:32-07:00,2,45
index.html,9,html,903e894f,Manning Karahashi,2026-04-25,17:07:31,-07:00,2026-04-25T17:07:31-07:00,2,44
index.html,10,html,5ac82217,Manning Karahashi,2026-04-03,01:57:28,-07:00,2026-04-03T01:57:28-07:00,0,5
index.html,11,html,5ac82217,Manning Karahashi,2026-04-03,01:57:28,-07:00,2026-04-03T01:57:28-07:00,0,4
index.html,12,html,665e242f,Manning Karahashi,2026-04-09,18:13:06,-07:00,2026-04-09T18:13:06-07:00,2,24
index.html,13,html,665e242f,Manning Karahashi,2026-04-09,18:13:06,-07:00,2026-04-09T18:13:06-07:00,2,19
index.html,14,html,903e894f,Manning Karahashi,2026-04-25,17:07:31,-07:00,2026-04-25T17:07:31-07:00,2,75
index.html,15,html,903e894f,Manning Karahashi,2026-04-25,17:07:31,-07:00,2026-04-25T17:07:31-07:00,0,0
index.html,16,html,903e894f,Manning Karahashi,2026-04-25,17:07:31,-07:00,2026-04-25T17:07:31-07:00,2,22
index.html,17,html,903e894f,Manning Karahashi,2026-04-25,17:07:31,-07:00,2026-04-25T17:07:31-07:00,2,20
index.html,18,html,903e894f,Manning Karahashi,2026-04-25,17:07:31,-07:00,2026-04-25T17:07:31-07:00,2,4
index.html,19,html,903e894f,Manning Karahashi,2026-04-25,17:07:31,-07:00,2026-04-25T17:07:31-07:00,0,0
index.html,20,html,903e894f,Manning Karahashi,2026-04-25,17:07:31,-07:00,2026-04-25T17:07:31-07:00,2,22
index.html,21,html,903e894f,Manning Karahashi,2026-04-25,17:07:31,-07:00,2026-04-25T17:07:31-07:00,2,4
index.html,22,html,5ac82217,Manning Karahashi,2026-04-03,01:57:28,-07:00,2026-04-03T01:57:28-07:00,0,5
index.html,23,html,5ac82217,Manning Karahashi,2026-04-03,01:57:28,-07:00,2026-04-03T01:57:28-07:00,0,5
global.js,1,js,b21abf60,Manning Karahashi,2026-04-16,18:49:32,-07:00,2026-04-16T18:49:32-07:00,0,41
global.js,2,js,b21abf60,Manning Karahashi,2026-04-16,18:49:32,-07:00,2026-04-16T18:49:32-07:00,2,52
global.js,3,js,b21abf60,Manning Karahashi,2026-04-16,18:49:32,-07:00,2026-04-16T18:49:32-07:00,0,0
global.js,4,js,b21abf60,Manning Karahashi,2026-04-16,18:49:32,-07:00,2026-04-16T18:49:32-07:00,0,0
global.js,5,js,b21abf60,Manning Karahashi,2026-04-16,18:49:32,-07:00,2026-04-16T18:49:32-07:00,0,88
global.js,6,js,b21abf60,Manning Karahashi,2026-04-16,18:49:32,-07:00,2026-04-16T18:49:32-07:00,2,3
global.js,7,js,b21abf60,Manning Karahashi,2026-04-16,18:49:32,-07:00,2026-04-16T18:49:32-07:00,2,14
global.js,8,js,b21abf60,Manning Karahashi,2026-04-16,18:49:32,-07:00,2026-04-16T18:49:32-07:00,0,0
global.js,9,js,b21abf60,Manning Karahashi,2026-04-16,18:49:32,-07:00,2026-04-16T18:49:32-07:00,0,11
global.js,10,js,b21abf60,Manning Karahashi,2026-04-16,18:49:32,-07:00,2026-04-16T18:49:32-07:00,2,25
global.js,11,js,b21abf60,Manning Karahashi,2026-04-16,18:49:32,-07:00,2026-04-16T18:49:32-07:00,2,38
global.js,12,js,b21abf60,Manning Karahashi,2026-04-16,18:49:32,-07:00,2026-04-16T18:49:32-07:00,2,36
global.js,13,js,b21abf60,Manning Karahashi,2026-04-16,18:49:32,-07:00,2026-04-16T18:49:32-07:00,2,36
global.js,14,js,00000000,Not Committed Yet,2026-05-06,16:57:01,-07:00,2026-05-06T16:57:01-07:00,2,30
global.js,15,js,b21abf60,Manning Karahashi,2026-04-16,18:49:32,-07:00,2026-04-16T18:49:32-07:00,0,0
global.js,16,js,b21abf60,Manning Karahashi,2026-04-16,18:49:32,-07:00,2026-04-16T18:49:32-07:00,0,0
global.js,17,js,b21abf60,Manning Karahashi,2026-04-16,18:49:32,-07:00,2026-04-16T18:49:32-07:00,0,38
global.js,18,js,b21abf60,Manning Karahashi,2026-04-16,18:49:32,-07:00,2026-04-16T18:49:32-07:00,0,25
global.js,19,js,b21abf60,Manning Karahashi,2026-04-16,18:49:32,-07:00,2026-04-16T18:49:32-07:00,0,0
global.js,20,js,b21abf60,Manning Karahashi,2026-04-16,18:49:32,-07:00,2026-04-16T18:49:32-07:00,0,20
global.js,21,js,b21abf60,Manning Karahashi,2026-04-16,18:49:32,-07:00,2026-04-16T18:49:32-07:00,2,14
global.js,22,js,b21abf60,Manning Karahashi,2026-04-16,18:49:32,-07:00,2026-04-16T18:49:32-07:00,2,18
global.js,23,js,b21abf60,Manning Karahashi,2026-04-16,18:49:32,-07:00,2026-04-16T18:49:32-07:00,0,0
global.js,24,js,b21abf60,Manning Karahashi,2026-04-16,18:49:32,-07:00,2026-04-16T18:49:32-07:00,2,52
global.js,25,js,b21abf60,Manning Karahashi,2026-04-16,18:49:32,-07:00,2026-04-16T18:49:32-07:00,0,0
global.js,26,js,b21abf60,Manning Karahashi,2026-04-16,18:49:32,-07:00,2026-04-16T18:49:32-07:00,2,34
global.js,27,js,b21abf60,Manning Karahashi,2026-04-16,18:49:32,-07:00,2026-04-16T18:49:32-07:00,2,11
global.js,28,js,b21abf60,Manning Karahashi,2026-04-16,18:49:32,-07:00,2026-04-16T18:49:32-07:00,2,20
global.js,29,js,b21abf60,Manning Karahashi,2026-04-16,18:49:32,-07:00,2026-04-16T18:49:32-07:00,0,0
global.js,30,js,b21abf60,Manning Karahashi,2026-04-16,18:49:32,-07:00,2026-04-16T18:49:32-07:00,2,65
global.js,31,js,b21abf60,Manning Karahashi,2026-04-16,18:49:32,-07:00,2026-04-16T18:49:32-07:00,4,25
global.js,32,js,b21abf60,Manning Karahashi,2026-04-16,18:49:32,-07:00,2026-04-16T18:49:32-07:00,2,0
global.js,33,js,b21abf60,Manning Karahashi,2026-04-16,18:49:32,-07:00,2026-04-16T18:49:32-07:00,0,0
global.js,34,js,b21abf60,Manning Karahashi,2026-04-16,18:49:32,-07:00,2026-04-16T18:49:32-07:00,2,12
global.js,35,js,b21abf60,Manning Karahashi,2026-04-16,18:49:32,-07:00,2026-04-16T18:49:32-07:00,0,0
global.js,36,js,b21abf60,Manning Karahashi,2026-04-16,18:49:32,-07:00,2026-04-16T18:49:32-07:00,0,0
global.js,37,js,b21abf60,Manning Karahashi,2026-04-16,18:49:32,-07:00,2026-04-16T18:49:32-07:00,0,31
global.js,38,js,b21abf60,Manning Karahashi,2026-04-16,18:49:32,-07:00,2026-04-16T18:49:32-07:00,2,11
global.js,39,js,b21abf60,Manning Karahashi,2026-04-16,18:49:32,-07:00,2026-04-16T18:49:32-07:00,2,27
global.js,40,js,b21abf60,Manning Karahashi,2026-04-16,18:49:32,-07:00,2026-04-16T18:49:32-07:00,2,4
global.js,41,js,b21abf60,Manning Karahashi,2026-04-16,18:49:32,-07:00,2026-04-16T18:49:32-07:00,2,6
global.js,42,js,b21abf60,Manning Karahashi,2026-04-16,18:49:32,-07:00,2026-04-16T18:49:32-07:00,4,43
global.js,43,js,b21abf60,Manning Karahashi,2026-04-16,18:49:32,-07:00,2026-04-16T18:49:32-07:00,4,34
global.js,44,js,b21abf60,Manning Karahashi,2026-04-16,18:49:32,-07:00,2026-04-16T18:49:32-07:00,4,32
global.js,45,js,b21abf60,Manning Karahashi,2026-04-16,18:49:32,-07:00,2026-04-16T18:49:32-07:00,2,7
global.js,46,js,b21abf60,Manning Karahashi,2026-04-16,18:49:32,-07:00,2026-04-16T18:49:32-07:00,2,7
global.js,47,js,b21abf60,Manning Karahashi,2026-04-16,18:49:32,-07:00,2026-04-16T18:49:32-07:00,0,0
global.js,48,js,b21abf60,Manning Karahashi,2026-04-16,18:49:32,-07:00,2026-04-16T18:49:32-07:00,0,0
global.js,49,js,b21abf60,Manning Karahashi,2026-04-16,18:49:32,-07:00,2026-04-16T18:49:32-07:00,0,58
global.js,50,js,b21abf60,Manning Karahashi,2026-04-16,18:49:32,-07:00,2026-04-16T18:49:32-07:00,0,0
global.js,51,js,b21abf60,Manning Karahashi,2026-04-16,18:49:32,-07:00,2026-04-16T18:49:32-07:00,0,36
global.js,52,js,b21abf60,Manning Karahashi,2026-04-16,18:49:32,-07:00,2026-04-16T18:49:32-07:00,2,70
global.js,53,js,b21abf60,Manning Karahashi,2026-04-16,18:49:32,-07:00,2026-04-16T18:49:32-07:00,2,25
global.js,54,js,b21abf60,Manning Karahashi,2026-04-16,18:49:32,-07:00,2026-04-16T18:49:32-07:00,0,0
global.js,55,js,b21abf60,Manning Karahashi,2026-04-16,18:49:32,-07:00,2026-04-16T18:49:32-07:00,0,0
global.js,56,js,b21abf60,Manning Karahashi,2026-04-16,18:49:32,-07:00,2026-04-16T18:49:32-07:00,0,34
global.js,57,js,b21abf60,Manning Karahashi,2026-04-16,18:49:32,-07:00,2026-04-16T18:49:32-07:00,2,39
global.js,58,js,b21abf60,Manning Karahashi,2026-04-16,18:49:32,-07:00,2026-04-16T18:49:32-07:00,0,0
global.js,59,js,b21abf60,Manning Karahashi,2026-04-16,18:49:32,-07:00,2026-04-16T18:49:32-07:00,0,0
global.js,60,js,b21abf60,Manning Karahashi,2026-04-16,18:49:32,-07:00,2026-04-16T18:49:32-07:00,0,49
global.js,61,js,b21abf60,Manning Karahashi,2026-04-16,18:49:32,-07:00,2026-04-16T18:49:32-07:00,2,44
global.js,62,js,b21abf60,Manning Karahashi,2026-04-16,18:49:32,-07:00,2026-04-16T18:49:32-07:00,2,33
global.js,63,js,b21abf60,Manning Karahashi,2026-04-16,18:49:32,-07:00,2026-04-16T18:49:32-07:00,0,1
global.js,64,js,b21abf60,Manning Karahashi,2026-04-16,18:49:32,-07:00,2026-04-16T18:49:32-07:00,0,0
global.js,65,js,b21abf60,Manning Karahashi,2026-04-16,18:49:32,-07:00,2026-04-16T18:49:32-07:00,0,40
global.js,66,js,b21abf60,Manning Karahashi,2026-04-16,18:49:32,-07:00,2026-04-16T18:49:32-07:00,0,0
global.js,67,js,b21abf60,Manning Karahashi,2026-04-16,18:49:32,-07:00,2026-04-16T18:49:32-07:00,0,49
global.js,68,js,b21abf60,Manning Karahashi,2026-04-16,18:49:32,-07:00,2026-04-16T18:49:32-07:00,2,21
global.js,69,js,b21abf60,Manning Karahashi,2026-04-16,18:49:32,-07:00,2026-04-16T18:49:32-07:00,0,0
global.js,70,js,b21abf60,Manning Karahashi,2026-04-16,18:49:32,-07:00,2026-04-16T18:49:32-07:00,2,28
global.js,71,js,b21abf60,Manning Karahashi,2026-04-16,18:49:32,-07:00,2026-04-16T18:49:32-07:00,2,42
global.js,72,js,b21abf60,Manning Karahashi,2026-04-16,18:49:32,-07:00,2026-04-16T18:49:32-07:00,1,0
global.js,73,js,b21abf60,Manning Karahashi,2026-04-16,18:49:32,-07:00,2026-04-16T18:49:32-07:00,2,31
global.js,74,js,b21abf60,Manning Karahashi,2026-04-16,18:49:32,-07:00,2026-04-16T18:49:32-07:00,4,45
global.js,75,js,b21abf60,Manning Karahashi,2026-04-16,18:49:32,-07:00,2026-04-16T18:49:32-07:00,2,0
global.js,76,js,b21abf60,Manning Karahashi,2026-04-16,18:49:32,-07:00,2026-04-16T18:49:32-07:00,0,0
global.js,77,js,b21abf60,Manning Karahashi,2026-04-16,18:49:32,-07:00,2026-04-16T18:49:32-07:00,2,21
global.js,78,js,b21abf60,Manning Karahashi,2026-04-16,18:49:32,-07:00,2026-04-16T18:49:32-07:00,2,18
global.js,79,js,903e894f,Manning Karahashi,2026-04-25,17:07:31,-07:00,2026-04-25T17:07:31-07:00,0,1
global.js,80,js,903e894f,Manning Karahashi,2026-04-25,17:07:31,-07:00,2026-04-25T17:07:31-07:00,0,0
global.js,81,js,903e894f,Manning Karahashi,2026-04-25,17:07:31,-07:00,2026-04-25T17:07:31-07:00,0,36
global.js,82,js,903e894f,Manning Karahashi,2026-04-25,17:07:31,-07:00,2026-04-25T17:07:31-07:00,2,3
global.js,83,js,903e894f,Manning Karahashi,2026-04-25,17:07:31,-07:00,2026-04-25T17:07:31-07:00,4,32
global.js,84,js,903e894f,Manning Karahashi,2026-04-25,17:07:31,-07:00,2026-04-25T17:07:31-07:00,0,0
global.js,85,js,903e894f,Manning Karahashi,2026-04-25,17:07:31,-07:00,2026-04-25T17:07:31-07:00,4,17
global.js,86,js,903e894f,Manning Karahashi,2026-04-25,17:07:31,-07:00,2026-04-25T17:07:31-07:00,6,57
global.js,87,js,903e894f,Manning Karahashi,2026-04-25,17:07:31,-07:00,2026-04-25T17:07:31-07:00,4,0
global.js,88,js,903e894f,Manning Karahashi,2026-04-25,17:07:31,-07:00,2026-04-25T17:07:31-07:00,0,0
global.js,89,js,903e894f,Manning Karahashi,2026-04-25,17:07:31,-07:00,2026-04-25T17:07:31-07:00,4,33
global.js,90,js,903e894f,Manning Karahashi,2026-04-25,17:07:31,-07:00,2026-04-25T17:07:31-07:00,4,10
global.js,91,js,903e894f,Manning Karahashi,2026-04-25,17:07:31,-07:00,2026-04-25T17:07:31-07:00,2,15
global.js,92,js,903e894f,Manning Karahashi,2026-04-25,17:07:31,-07:00,2026-04-25T17:07:31-07:00,4,59
global.js,93,js,903e894f,Manning Karahashi,2026-04-25,17:07:31,-07:00,2026-04-25T17:07:31-07:00,2,0
global.js,94,js,903e894f,Manning Karahashi,2026-04-25,17:07:31,-07:00,2026-04-25T17:07:31-07:00,0,0
global.js,95,js,903e894f,Manning Karahashi,2026-04-25,17:07:31,-07:00,2026-04-25T17:07:31-07:00,0,0
global.js,96,js,903e894f,Manning Karahashi,2026-04-25,17:07:31,-07:00,2026-04-25T17:07:31-07:00,0,47
global.js,97,js,903e894f,Manning Karahashi,2026-04-25,17:07:31,-07:00,2026-04-25T17:07:31-07:00,2,59
global.js,98,js,903e894f,Manning Karahashi,2026-04-25,17:07:31,-07:00,2026-04-25T17:07:31-07:00,0,0
global.js,99,js,903e894f,Manning Karahashi,2026-04-25,17:07:31,-07:00,2026-04-25T17:07:31-07:00,0,0
global.js,100,js,903e894f,Manning Karahashi,2026-04-25,17:07:31,-07:00,2026-04-25T17:07:31-07:00,0,79
global.js,101,js,903e894f,Manning Karahashi,2026-04-25,17:07:31,-07:00,2026-04-25T17:07:31-07:00,2,22
global.js,102,js,903e894f,Manning Karahashi,2026-04-25,17:07:31,-07:00,2026-04-25T17:07:31-07:00,4,69
global.js,103,js,903e894f,Manning Karahashi,2026-04-25,17:07:31,-07:00,2026-04-25T17:07:31-07:00,4,5
global.js,104,js,903e894f,Manning Karahashi,2026-04-25,17:07:31,-07:00,2026-04-25T17:07:31-07:00,2,0
global.js,105,js,903e894f,Manning Karahashi,2026-04-25,17:07:31,-07:00,2026-04-25T17:07:31-07:00,0,0
global.js,106,js,903e894f,Manning Karahashi,2026-04-25,17:07:31,-07:00,2026-04-25T17:07:31-07:00,2,30
global.js,107,js,903e894f,Manning Karahashi,2026-04-25,17:07:31,-07:00,2026-04-25T17:07:31-07:00,0,0
global.js,108,js,903e894f,Manning Karahashi,2026-04-25,17:07:31,-07:00,2026-04-25T17:07:31-07:00,2,39
global.js,109,js,903e894f,Manning Karahashi,2026-04-25,17:07:31,-07:00,2026-04-25T17:07:31-07:00,4,60
global.js,110,js,903e894f,Manning Karahashi,2026-04-25,17:07:31,-07:00,2026-04-25T17:07:31-07:00,4,5
global.js,111,js,903e894f,Manning Karahashi,2026-04-25,17:07:31,-07:00,2026-04-25T17:07:31-07:00,2,0
global.js,112,js,903e894f,Manning Karahashi,2026-04-25,17:07:31,-07:00,2026-04-25T17:07:31-07:00,0,0
global.js,113,js,903e894f,Manning Karahashi,2026-04-25,17:07:31,-07:00,2026-04-25T17:07:31-07:00,2,31
global.js,114,js,903e894f,Manning Karahashi,2026-04-25,17:07:31,-07:00,2026-04-25T17:07:31-07:00,4,48
global.js,115,js,903e894f,Manning Karahashi,2026-04-25,17:07:31,-07:00,2026-04-25T17:07:31-07:00,0,0
global.js,116,js,903e894f,Manning Karahashi,2026-04-25,17:07:31,-07:00,2026-04-25T17:07:31-07:00,4,19
global.js,117,js,903e894f,Manning Karahashi,2026-04-25,17:07:31,-07:00,2026-04-25T17:07:31-07:00,6,63
global.js,118,js,903e894f,Manning Karahashi,2026-04-25,17:07:31,-07:00,2026-04-25T17:07:31-07:00,6,61
global.js,119,js,f1c774f1,Manning Karahashi,2026-04-30,20:38:33,-07:00,2026-04-30T20:38:33-07:00,6,3
global.js,120,js,f1c774f1,Manning Karahashi,2026-04-30,20:38:33,-07:00,2026-04-30T20:38:33-07:00,8,33
global.js,121,js,f1c774f1,Manning Karahashi,2026-04-30,20:38:33,-07:00,2026-04-30T20:38:33-07:00,8,47
global.js,122,js,f1c774f1,Manning Karahashi,2026-04-30,20:38:33,-07:00,2026-04-30T20:38:33-07:00,6,4
global.js,123,js,903e894f,Manning Karahashi,2026-04-25,17:07:31,-07:00,2026-04-25T17:07:31-07:00,4,0
global.js,124,js,903e894f,Manning Karahashi,2026-04-25,17:07:31,-07:00,2026-04-25T17:07:31-07:00,0,0
global.js,125,js,903e894f,Manning Karahashi,2026-04-25,17:07:31,-07:00,2026-04-25T17:07:31-07:00,4,36
global.js,126,js,903e894f,Manning Karahashi,2026-04-25,17:07:31,-07:00,2026-04-25T17:07:31-07:00,2,0
global.js,127,js,903e894f,Manning Karahashi,2026-04-25,17:07:31,-07:00,2026-04-25T17:07:31-07:00,0,0
projects/projects.js,1,js,903e894f,Manning Karahashi,2026-04-25,17:07:31,-07:00,2026-04-25T17:07:31-07:00,0,55
projects/projects.js,2,js,f1c774f1,Manning Karahashi,2026-04-30,20:38:33,-07:00,2026-04-30T20:38:33-07:00,0,63
projects/projects.js,3,js,f1c774f1,Manning Karahashi,2026-04-30,20:38:33,-07:00,2026-04-30T20:38:33-07:00,0,0
projects/projects.js,4,js,903e894f,Manning Karahashi,2026-04-25,17:07:31,-07:00,2026-04-25T17:07:31-07:00,0,55
projects/projects.js,5,js,903e894f,Manning Karahashi,2026-04-25,17:07:31,-07:00,2026-04-25T17:07:31-07:00,0,60
projects/projects.js,6,js,903e894f,Manning Karahashi,2026-04-25,17:07:31,-07:00,2026-04-25T17:07:31-07:00,0,62
projects/projects.js,7,js,f1c774f1,Manning Karahashi,2026-04-30,20:38:33,-07:00,2026-04-30T20:38:33-07:00,0,0
projects/projects.js,8,js,903e894f,Manning Karahashi,2026-04-25,17:07:31,-07:00,2026-04-25T17:07:31-07:00,0,18
projects/projects.js,9,js,f1c774f1,Manning Karahashi,2026-04-30,20:38:33,-07:00,2026-04-30T20:38:33-07:00,1,64
projects/projects.js,10,js,903e894f,Manning Karahashi,2026-04-25,17:07:31,-07:00,2026-04-25T17:07:31-07:00,0,0
projects/projects.js,11,js,f1c774f1,Manning Karahashi,2026-04-30,20:38:33,-07:00,2026-04-30T20:38:33-07:00,0,0
projects/projects.js,12,js,f1c774f1,Manning Karahashi,2026-04-30,20:38:33,-07:00,2026-04-30T20:38:33-07:00,0,57
projects/projects.js,13,js,f1c774f1,Manning Karahashi,2026-04-30,20:38:33,-07:00,2026-04-30T20:38:33-07:00,0,47
projects/projects.js,14,js,f1c774f1,Manning Karahashi,2026-04-30,20:38:33,-07:00,2026-04-30T20:38:33-07:00,0,21
projects/projects.js,15,js,f1c774f1,Manning Karahashi,2026-04-30,20:38:33,-07:00,2026-04-30T20:38:33-07:00,0,13
projects/projects.js,16,js,f1c774f1,Manning Karahashi,2026-04-30,20:38:33,-07:00,2026-04-30T20:38:33-07:00,0,0
projects/projects.js,17,js,f1c774f1,Manning Karahashi,2026-04-30,20:38:33,-07:00,2026-04-30T20:38:33-07:00,0,38
projects/projects.js,18,js,f1c774f1,Manning Karahashi,2026-04-30,20:38:33,-07:00,2026-04-30T20:38:33-07:00,1,42
projects/projects.js,19,js,f1c774f1,Manning Karahashi,2026-04-30,20:38:33,-07:00,2026-04-30T20:38:33-07:00,1,44
projects/projects.js,20,js,f1c774f1,Manning Karahashi,2026-04-30,20:38:33,-07:00,2026-04-30T20:38:33-07:00,0,0
projects/projects.js,21,js,f1c774f1,Manning Karahashi,2026-04-30,20:38:33,-07:00,2026-04-30T20:38:33-07:00,1,26
projects/projects.js,22,js,f1c774f1,Manning Karahashi,2026-04-30,20:38:33,-07:00,2026-04-30T20:38:33-07:00,2,12
projects/projects.js,23,js,f1c774f1,Manning Karahashi,2026-04-30,20:38:33,-07:00,2026-04-30T20:38:33-07:00,2,14
projects/projects.js,24,js,f1c774f1,Manning Karahashi,2026-04-30,20:38:33,-07:00,2026-04-30T20:38:33-07:00,2,12
projects/projects.js,25,js,f1c774f1,Manning Karahashi,2026-04-30,20:38:33,-07:00,2026-04-30T20:38:33-07:00,1,0
projects/projects.js,26,js,f1c774f1,Manning Karahashi,2026-04-30,20:38:33,-07:00,2026-04-30T20:38:33-07:00,0,0
projects/projects.js,27,js,f1c774f1,Manning Karahashi,2026-04-30,20:38:33,-07:00,2026-04-30T20:38:33-07:00,1,44
projects/projects.js,28,js,f1c774f1,Manning Karahashi,2026-04-30,20:38:33,-07:00,2026-04-30T20:38:33-07:00,2,35
projects/projects.js,29,js,f1c774f1,Manning Karahashi,2026-04-30,20:38:33,-07:00,2026-04-30T20:38:33-07:00,1,1
projects/projects.js,30,js,f1c774f1,Manning Karahashi,2026-04-30,20:38:33,-07:00,2026-04-30T20:38:33-07:00,0,0
projects/projects.js,31,js,f1c774f1,Manning Karahashi,2026-04-30,20:38:33,-07:00,2026-04-30T20:38:33-07:00,1,50
projects/projects.js,32,js,f1c774f1,Manning Karahashi,2026-04-30,20:38:33,-07:00,2026-04-30T20:38:33-07:00,1,33
projects/projects.js,33,js,f1c774f1,Manning Karahashi,2026-04-30,20:38:33,-07:00,2026-04-30T20:38:33-07:00,1,45
projects/projects.js,34,js,f1c774f1,Manning Karahashi,2026-04-30,20:38:33,-07:00,2026-04-30T20:38:33-07:00,0,0
projects/projects.js,35,js,f1c774f1,Manning Karahashi,2026-04-30,20:38:33,-07:00,2026-04-30T20:38:33-07:00,1,25
projects/projects.js,36,js,f1c774f1,Manning Karahashi,2026-04-30,20:38:33,-07:00,2026-04-30T20:38:33-07:00,0,0
projects/projects.js,37,js,f1c774f1,Manning Karahashi,2026-04-30,20:38:33,-07:00,2026-04-30T20:38:33-07:00,1,26
projects/projects.js,38,js,f1c774f1,Manning Karahashi,2026-04-30,20:38:33,-07:00,2026-04-30T20:38:33-07:00,2,1
projects/projects.js,39,js,f1c774f1,Manning Karahashi,2026-04-30,20:38:33,-07:00,2026-04-30T20:38:33-07:00,3,13
projects/projects.js,40,js,f1c774f1,Manning Karahashi,2026-04-30,20:38:33,-07:00,2026-04-30T20:38:33-07:00,3,13
projects/projects.js,41,js,f1c774f1,Manning Karahashi,2026-04-30,20:38:33,-07:00,2026-04-30T20:38:33-07:00,3,24
projects/projects.js,42,js,f1c774f1,Manning Karahashi,2026-04-30,20:38:33,-07:00,2026-04-30T20:38:33-07:00,3,53
projects/projects.js,43,js,f1c774f1,Manning Karahashi,2026-04-30,20:38:33,-07:00,2026-04-30T20:38:33-07:00,3,18
projects/projects.js,44,js,f1c774f1,Manning Karahashi,2026-04-30,20:38:33,-07:00,2026-04-30T20:38:33-07:00,4,47
projects/projects.js,45,js,f1c774f1,Manning Karahashi,2026-04-30,20:38:33,-07:00,2026-04-30T20:38:33-07:00,0,0
projects/projects.js,46,js,f1c774f1,Manning Karahashi,2026-04-30,20:38:33,-07:00,2026-04-30T20:38:33-07:00,4,1
projects/projects.js,47,js,f1c774f1,Manning Karahashi,2026-04-30,20:38:33,-07:00,2026-04-30T20:38:33-07:00,5,16
projects/projects.js,48,js,f1c774f1,Manning Karahashi,2026-04-30,20:38:33,-07:00,2026-04-30T20:38:33-07:00,5,64
projects/projects.js,49,js,f1c774f1,Manning Karahashi,2026-04-30,20:38:33,-07:00,2026-04-30T20:38:33-07:00,0,0
projects/projects.js,50,js,f1c774f1,Manning Karahashi,2026-04-30,20:38:33,-07:00,2026-04-30T20:38:33-07:00,4,18
projects/projects.js,51,js,f1c774f1,Manning Karahashi,2026-04-30,20:38:33,-07:00,2026-04-30T20:38:33-07:00,5,14
projects/projects.js,52,js,f1c774f1,Manning Karahashi,2026-04-30,20:38:33,-07:00,2026-04-30T20:38:33-07:00,5,22
projects/projects.js,53,js,f1c774f1,Manning Karahashi,2026-04-30,20:38:33,-07:00,2026-04-30T20:38:33-07:00,6,59
projects/projects.js,54,js,f1c774f1,Manning Karahashi,2026-04-30,20:38:33,-07:00,2026-04-30T20:38:33-07:00,5,0
projects/projects.js,55,js,f1c774f1,Manning Karahashi,2026-04-30,20:38:33,-07:00,2026-04-30T20:38:33-07:00,0,0
projects/projects.js,56,js,f1c774f1,Manning Karahashi,2026-04-30,20:38:33,-07:00,2026-04-30T20:38:33-07:00,4,25
projects/projects.js,57,js,f1c774f1,Manning Karahashi,2026-04-30,20:38:33,-07:00,2026-04-30T20:38:33-07:00,5,43
projects/projects.js,58,js,f1c774f1,Manning Karahashi,2026-04-30,20:38:33,-07:00,2026-04-30T20:38:33-07:00,6,59
projects/projects.js,59,js,f1c774f1,Manning Karahashi,2026-04-30,20:38:33,-07:00,2026-04-30T20:38:33-07:00,6,28
projects/projects.js,60,js,f1c774f1,Manning Karahashi,2026-04-30,20:38:33,-07:00,2026-04-30T20:38:33-07:00,5,1
projects/projects.js,61,js,f1c774f1,Manning Karahashi,2026-04-30,20:38:33,-07:00,2026-04-30T20:38:33-07:00,5,48
projects/projects.js,62,js,f1c774f1,Manning Karahashi,2026-04-30,20:38:33,-07:00,2026-04-30T20:38:33-07:00,4,6
projects/projects.js,63,js,f1c774f1,Manning Karahashi,2026-04-30,20:38:33,-07:00,2026-04-30T20:38:33-07:00,5,43
projects/projects.js,64,js,f1c774f1,Manning Karahashi,2026-04-30,20:38:33,-07:00,2026-04-30T20:38:33-07:00,5,43
projects/projects.js,65,js,f1c774f1,Manning Karahashi,2026-04-30,20:38:33,-07:00,2026-04-30T20:38:33-07:00,6,59
projects/projects.js,66,js,f1c774f1,Manning Karahashi,2026-04-30,20:38:33,-07:00,2026-04-30T20:38:33-07:00,6,61
projects/projects.js,67,js,f1c774f1,Manning Karahashi,2026-04-30,20:38:33,-07:00,2026-04-30T20:38:33-07:00,5,1
projects/projects.js,68,js,f1c774f1,Manning Karahashi,2026-04-30,20:38:33,-07:00,2026-04-30T20:38:33-07:00,5,48
projects/projects.js,69,js,f1c774f1,Manning Karahashi,2026-04-30,20:38:33,-07:00,2026-04-30T20:38:33-07:00,4,0
projects/projects.js,70,js,f1c774f1,Manning Karahashi,2026-04-30,20:38:33,-07:00,2026-04-30T20:38:33-07:00,3,1
projects/projects.js,71,js,f1c774f1,Manning Karahashi,2026-04-30,20:38:33,-07:00,2026-04-30T20:38:33-07:00,1,1
projects/projects.js,72,js,f1c774f1,Manning Karahashi,2026-04-30,20:38:33,-07:00,2026-04-30T20:38:33-07:00,0,0
projects/projects.js,73,js,f1c774f1,Manning Karahashi,2026-04-30,20:38:33,-07:00,2026-04-30T20:38:33-07:00,1,32
projects/projects.js,74,js,f1c774f1,Manning Karahashi,2026-04-30,20:38:33,-07:00,2026-04-30T20:38:33-07:00,1,24
projects/projects.js,75,js,f1c774f1,Manning Karahashi,2026-04-30,20:38:33,-07:00,2026-04-30T20:38:33-07:00,2,4
projects/projects.js,76,js,f1c774f1,Manning Karahashi,2026-04-30,20:38:33,-07:00,2026-04-30T20:38:33-07:00,3,11
projects/projects.js,77,js,f1c774f1,Manning Karahashi,2026-04-30,20:38:33,-07:00,2026-04-30T20:38:33-07:00,3,38
projects/projects.js,78,js,f1c774f1,Manning Karahashi,2026-04-30,20:38:33,-07:00,2026-04-30T20:38:33-07:00,3,76
projects/projects.js,79,js,f1c774f1,Manning Karahashi,2026-04-30,20:38:33,-07:00,2026-04-30T20:38:33-07:00,3,69
projects/projects.js,80,js,f1c774f1,Manning Karahashi,2026-04-30,20:38:33,-07:00,2026-04-30T20:38:33-07:00,1,1
projects/projects.js,81,js,f1c774f1,Manning Karahashi,2026-04-30,20:38:33,-07:00,2026-04-30T20:38:33-07:00,0,0
projects/projects.js,82,js,f1c774f1,Manning Karahashi,2026-04-30,20:38:33,-07:00,2026-04-30T20:38:33-07:00,0,0
projects/projects.js,83,js,f1c774f1,Manning Karahashi,2026-04-30,20:38:33,-07:00,2026-04-30T20:38:33-07:00,0,48
projects/projects.js,84,js,f1c774f1,Manning Karahashi,2026-04-30,20:38:33,-07:00,2026-04-30T20:38:33-07:00,0,23
projects/projects.js,85,js,f1c774f1,Manning Karahashi,2026-04-30,20:38:33,-07:00,2026-04-30T20:38:33-07:00,0,0
projects/projects.js,86,js,f1c774f1,Manning Karahashi,2026-04-30,20:38:33,-07:00,2026-04-30T20:38:33-07:00,0,53
projects/projects.js,87,js,f1c774f1,Manning Karahashi,2026-04-30,20:38:33,-07:00,2026-04-30T20:38:33-07:00,0,0
projects/projects.js,88,js,f1c774f1,Manning Karahashi,2026-04-30,20:38:33,-07:00,2026-04-30T20:38:33-07:00,0,48
projects/projects.js,89,js,f1c774f1,Manning Karahashi,2026-04-30,20:38:33,-07:00,2026-04-30T20:38:33-07:00,1,39
projects/projects.js,90,js,f1c774f1,Manning Karahashi,2026-04-30,20:38:33,-07:00,2026-04-30T20:38:33-07:00,1,17
projects/projects.js,91,js,f1c774f1,Manning Karahashi,2026-04-30,20:38:33,-07:00,2026-04-30T20:38:33-07:00,0,0
projects/projects.js,92,js,f1c774f1,Manning Karahashi,2026-04-30,20:38:33,-07:00,2026-04-30T20:38:33-07:00,1,51
projects/projects.js,93,js,f1c774f1,Manning Karahashi,2026-04-30,20:38:33,-07:00,2026-04-30T20:38:33-07:00,2,59
projects/projects.js,94,js,f1c774f1,Manning Karahashi,2026-04-30,20:38:33,-07:00,2026-04-30T20:38:33-07:00,2,28
projects/projects.js,95,js,f1c774f1,Manning Karahashi,2026-04-30,20:38:33,-07:00,2026-04-30T20:38:33-07:00,1,1
projects/projects.js,96,js,f1c774f1,Manning Karahashi,2026-04-30,20:38:33,-07:00,2026-04-30T20:38:33-07:00,0,0
projects/projects.js,97,js,f1c774f1,Manning Karahashi,2026-04-30,20:38:33,-07:00,2026-04-30T20:38:33-07:00,1,56
projects/projects.js,98,js,f1c774f1,Manning Karahashi,2026-04-30,20:38:33,-07:00,2026-04-30T20:38:33-07:00,1,31
projects/projects.js,99,js,f1c774f1,Manning Karahashi,2026-04-30,20:38:33,-07:00,2026-04-30T20:38:33-07:00,0,1
projects/index.html,1,html,abd4281a,Manning Karahashi,2026-04-03,02:00:12,-07:00,2026-04-03T02:00:12-07:00,0,13
projects/index.html,2,html,abd4281a,Manning Karahashi,2026-04-03,02:00:12,-07:00,2026-04-03T02:00:12-07:00,0,14
projects/index.html,3,html,abd4281a,Manning Karahashi,2026-04-03,02:00:12,-07:00,2026-04-03T02:00:12-07:00,0,4
projects/index.html,4,html,abd4281a,Manning Karahashi,2026-04-03,02:00:12,-07:00,2026-04-03T02:00:12-07:00,2,20
projects/index.html,5,html,abd4281a,Manning Karahashi,2026-04-03,02:00:12,-07:00,2026-04-03T02:00:12-07:00,2,68
projects/index.html,6,html,abd4281a,Manning Karahashi,2026-04-03,02:00:12,-07:00,2026-04-03T02:00:12-07:00,2,40
projects/index.html,7,html,abd4281a,Manning Karahashi,2026-04-03,02:00:12,-07:00,2026-04-03T02:00:12-07:00,2,41
projects/index.html,8,html,b21abf60,Manning Karahashi,2026-04-16,18:49:32,-07:00,2026-04-16T18:49:32-07:00,2,48
projects/index.html,9,html,903e894f,Manning Karahashi,2026-04-25,17:07:31,-07:00,2026-04-25T17:07:31-07:00,2,47
projects/index.html,10,html,abd4281a,Manning Karahashi,2026-04-03,02:00:12,-07:00,2026-04-03T02:00:12-07:00,0,5
projects/index.html,11,html,abd4281a,Manning Karahashi,2026-04-03,02:00:12,-07:00,2026-04-03T02:00:12-07:00,0,4
projects/index.html,12,html,903e894f,Manning Karahashi,2026-04-25,17:07:31,-07:00,2026-04-25T17:07:31-07:00,2,38
projects/index.html,13,html,f1c774f1,Manning Karahashi,2026-04-30,20:38:33,-07:00,2026-04-30T20:38:33-07:00,2,102
projects/index.html,14,html,f1c774f1,Manning Karahashi,2026-04-30,20:38:33,-07:00,2026-04-30T20:38:33-07:00,2,26
projects/index.html,15,html,f1c774f1,Manning Karahashi,2026-04-30,20:38:33,-07:00,2026-04-30T20:38:33-07:00,0,0
projects/index.html,16,html,f1c774f1,Manning Karahashi,2026-04-30,20:38:33,-07:00,2026-04-30T20:38:33-07:00,2,27
projects/index.html,17,html,f1c774f1,Manning Karahashi,2026-04-30,20:38:33,-07:00,2026-04-30T20:38:33-07:00,4,58
projects/index.html,18,html,f1c774f1,Manning Karahashi,2026-04-30,20:38:33,-07:00,2026-04-30T20:38:33-07:00,4,22
projects/index.html,19,html,665e242f,Manning Karahashi,2026-04-09,18:13:06,-07:00,2026-04-09T18:13:06-07:00,2,4
projects/index.html,20,html,abd4281a,Manning Karahashi,2026-04-03,02:00:12,-07:00,2026-04-03T02:00:12-07:00,0,5
projects/index.html,21,html,abd4281a,Manning Karahashi,2026-04-03,02:00:12,-07:00,2026-04-03T02:00:12-07:00,0,5
profile/index.html,1,html,9386c58a,Manning Karahashi,2026-04-03,02:00:30,-07:00,2026-04-03T02:00:30-07:00,0,13
profile/index.html,2,html,9386c58a,Manning Karahashi,2026-04-03,02:00:30,-07:00,2026-04-03T02:00:30-07:00,0,14
profile/index.html,3,html,9386c58a,Manning Karahashi,2026-04-03,02:00:30,-07:00,2026-04-03T02:00:30-07:00,0,4
profile/index.html,4,html,9386c58a,Manning Karahashi,2026-04-03,02:00:30,-07:00,2026-04-03T02:00:30-07:00,2,20
profile/index.html,5,html,9386c58a,Manning Karahashi,2026-04-03,02:00:30,-07:00,2026-04-03T02:00:30-07:00,2,68
profile/index.html,6,html,9386c58a,Manning Karahashi,2026-04-03,02:00:30,-07:00,2026-04-03T02:00:30-07:00,2,39
profile/index.html,7,html,9386c58a,Manning Karahashi,2026-04-03,02:00:30,-07:00,2026-04-03T02:00:30-07:00,2,41
profile/index.html,8,html,b21abf60,Manning Karahashi,2026-04-16,18:49:32,-07:00,2026-04-16T18:49:32-07:00,2,48
profile/index.html,9,html,9386c58a,Manning Karahashi,2026-04-03,02:00:30,-07:00,2026-04-03T02:00:30-07:00,0,5
profile/index.html,10,html,9386c58a,Manning Karahashi,2026-04-03,02:00:30,-07:00,2026-04-03T02:00:30-07:00,0,4
profile/index.html,11,html,665e242f,Manning Karahashi,2026-04-09,18:13:06,-07:00,2026-04-09T18:13:06-07:00,2,14
profile/index.html,12,html,9386c58a,Manning Karahashi,2026-04-03,02:00:30,-07:00,2026-04-03T02:00:30-07:00,2,28
profile/index.html,13,html,9386c58a,Manning Karahashi,2026-04-03,02:00:30,-07:00,2026-04-03T02:00:30-07:00,4,24
profile/index.html,14,html,9386c58a,Manning Karahashi,2026-04-03,02:00:30,-07:00,2026-04-03T02:00:30-07:00,4,82
profile/index.html,15,html,9386c58a,Manning Karahashi,2026-04-03,02:00:30,-07:00,2026-04-03T02:00:30-07:00,4,1
profile/index.html,16,html,9386c58a,Manning Karahashi,2026-04-03,02:00:30,-07:00,2026-04-03T02:00:30-07:00,6,72
profile/index.html,17,html,9386c58a,Manning Karahashi,2026-04-03,02:00:30,-07:00,2026-04-03T02:00:30-07:00,6,82
profile/index.html,18,html,9386c58a,Manning Karahashi,2026-04-03,02:00:30,-07:00,2026-04-03T02:00:30-07:00,4,2
profile/index.html,19,html,9386c58a,Manning Karahashi,2026-04-03,02:00:30,-07:00,2026-04-03T02:00:30-07:00,2,8
profile/index.html,20,html,9386c58a,Manning Karahashi,2026-04-03,02:00:30,-07:00,2026-04-03T02:00:30-07:00,0,0
profile/index.html,21,html,9386c58a,Manning Karahashi,2026-04-03,02:00:30,-07:00,2026-04-03T02:00:30-07:00,2,23
profile/index.html,22,html,9386c58a,Manning Karahashi,2026-04-03,02:00:30,-07:00,2026-04-03T02:00:30-07:00,4,14
profile/index.html,23,html,9386c58a,Manning Karahashi,2026-04-03,02:00:30,-07:00,2026-04-03T02:00:30-07:00,4,1
profile/index.html,24,html,9386c58a,Manning Karahashi,2026-04-03,02:00:30,-07:00,2026-04-03T02:00:30-07:00,6,119
profile/index.html,25,html,9386c58a,Manning Karahashi,2026-04-03,02:00:30,-07:00,2026-04-03T02:00:30-07:00,6,91
profile/index.html,26,html,9386c58a,Manning Karahashi,2026-04-03,02:00:30,-07:00,2026-04-03T02:00:30-07:00,6,80
profile/index.html,27,html,9386c58a,Manning Karahashi,2026-04-03,02:00:30,-07:00,2026-04-03T02:00:30-07:00,4,2
profile/index.html,28,html,9386c58a,Manning Karahashi,2026-04-03,02:00:30,-07:00,2026-04-03T02:00:30-07:00,2,8
profile/index.html,29,html,9386c58a,Manning Karahashi,2026-04-03,02:00:30,-07:00,2026-04-03T02:00:30-07:00,0,0
profile/index.html,30,html,9386c58a,Manning Karahashi,2026-04-03,02:00:30,-07:00,2026-04-03T02:00:30-07:00,2,25
profile/index.html,31,html,9386c58a,Manning Karahashi,2026-04-03,02:00:30,-07:00,2026-04-03T02:00:30-07:00,4,16
profile/index.html,32,html,9386c58a,Manning Karahashi,2026-04-03,02:00:30,-07:00,2026-04-03T02:00:30-07:00,4,90
profile/index.html,33,html,9386c58a,Manning Karahashi,2026-04-03,02:00:30,-07:00,2026-04-03T02:00:30-07:00,4,63
profile/index.html,34,html,9386c58a,Manning Karahashi,2026-04-03,02:00:30,-07:00,2026-04-03T02:00:30-07:00,4,71
profile/index.html,35,html,9386c58a,Manning Karahashi,2026-04-03,02:00:30,-07:00,2026-04-03T02:00:30-07:00,4,152
profile/index.html,36,html,9386c58a,Manning Karahashi,2026-04-03,02:00:30,-07:00,2026-04-03T02:00:30-07:00,4,49
profile/index.html,37,html,9386c58a,Manning Karahashi,2026-04-03,02:00:30,-07:00,2026-04-03T02:00:30-07:00,2,8
profile/index.html,38,html,9386c58a,Manning Karahashi,2026-04-03,02:00:30,-07:00,2026-04-03T02:00:30-07:00,0,0
profile/index.html,39,html,9386c58a,Manning Karahashi,2026-04-03,02:00:30,-07:00,2026-04-03T02:00:30-07:00,2,26
profile/index.html,40,html,9386c58a,Manning Karahashi,2026-04-03,02:00:30,-07:00,2026-04-03T02:00:30-07:00,4,17
profile/index.html,41,html,9386c58a,Manning Karahashi,2026-04-03,02:00:30,-07:00,2026-04-03T02:00:30-07:00,0,0
profile/index.html,42,html,9386c58a,Manning Karahashi,2026-04-03,02:00:30,-07:00,2026-04-03T02:00:30-07:00,4,15
profile/index.html,43,html,9386c58a,Manning Karahashi,2026-04-03,02:00:30,-07:00,2026-04-03T02:00:30-07:00,6,34
profile/index.html,44,html,9386c58a,Manning Karahashi,2026-04-03,02:00:30,-07:00,2026-04-03T02:00:30-07:00,6,33
profile/index.html,45,html,9386c58a,Manning Karahashi,2026-04-03,02:00:30,-07:00,2026-04-03T02:00:30-07:00,6,2
profile/index.html,46,html,9386c58a,Manning Karahashi,2026-04-03,02:00:30,-07:00,2026-04-03T02:00:30-07:00,8,90
profile/index.html,47,html,9386c58a,Manning Karahashi,2026-04-03,02:00:30,-07:00,2026-04-03T02:00:30-07:00,8,82
profile/index.html,48,html,9386c58a,Manning Karahashi,2026-04-03,02:00:30,-07:00,2026-04-03T02:00:30-07:00,8,62
profile/index.html,49,html,9386c58a,Manning Karahashi,2026-04-03,02:00:30,-07:00,2026-04-03T02:00:30-07:00,6,3
profile/index.html,50,html,9386c58a,Manning Karahashi,2026-04-03,02:00:30,-07:00,2026-04-03T02:00:30-07:00,4,4
profile/index.html,51,html,9386c58a,Manning Karahashi,2026-04-03,02:00:30,-07:00,2026-04-03T02:00:30-07:00,0,0
profile/index.html,52,html,9386c58a,Manning Karahashi,2026-04-03,02:00:30,-07:00,2026-04-03T02:00:30-07:00,4,15
profile/index.html,53,html,9386c58a,Manning Karahashi,2026-04-03,02:00:30,-07:00,2026-04-03T02:00:30-07:00,6,53
profile/index.html,54,html,9386c58a,Manning Karahashi,2026-04-03,02:00:30,-07:00,2026-04-03T02:00:30-07:00,6,37
profile/index.html,55,html,9386c58a,Manning Karahashi,2026-04-03,02:00:30,-07:00,2026-04-03T02:00:30-07:00,6,2
profile/index.html,56,html,9386c58a,Manning Karahashi,2026-04-03,02:00:30,-07:00,2026-04-03T02:00:30-07:00,8,52
profile/index.html,57,html,9386c58a,Manning Karahashi,2026-04-03,02:00:30,-07:00,2026-04-03T02:00:30-07:00,8,72
profile/index.html,58,html,9386c58a,Manning Karahashi,2026-04-03,02:00:30,-07:00,2026-04-03T02:00:30-07:00,8,73
profile/index.html,59,html,9386c58a,Manning Karahashi,2026-04-03,02:00:30,-07:00,2026-04-03T02:00:30-07:00,6,3
profile/index.html,60,html,9386c58a,Manning Karahashi,2026-04-03,02:00:30,-07:00,2026-04-03T02:00:30-07:00,4,4
profile/index.html,61,html,9386c58a,Manning Karahashi,2026-04-03,02:00:30,-07:00,2026-04-03T02:00:30-07:00,2,8
profile/index.html,62,html,9386c58a,Manning Karahashi,2026-04-03,02:00:30,-07:00,2026-04-03T02:00:30-07:00,0,0
profile/index.html,63,html,665e242f,Manning Karahashi,2026-04-09,18:13:06,-07:00,2026-04-09T18:13:06-07:00,2,27
profile/index.html,64,html,9386c58a,Manning Karahashi,2026-04-03,02:00:30,-07:00,2026-04-03T02:00:30-07:00,4,15
profile/index.html,65,html,9386c58a,Manning Karahashi,2026-04-03,02:00:30,-07:00,2026-04-03T02:00:30-07:00,0,0
profile/index.html,66,html,665e242f,Manning Karahashi,2026-04-09,18:13:06,-07:00,2026-04-09T18:13:06-07:00,4,22
profile/index.html,67,html,9386c58a,Manning Karahashi,2026-04-03,02:00:30,-07:00,2026-04-03T02:00:30-07:00,6,30
profile/index.html,68,html,9386c58a,Manning Karahashi,2026-04-03,02:00:30,-07:00,2026-04-03T02:00:30-07:00,6,51
profile/index.html,69,html,9386c58a,Manning Karahashi,2026-04-03,02:00:30,-07:00,2026-04-03T02:00:30-07:00,6,2
profile/index.html,70,html,9386c58a,Manning Karahashi,2026-04-03,02:00:30,-07:00,2026-04-03T02:00:30-07:00,8,59
profile/index.html,71,html,9386c58a,Manning Karahashi,2026-04-03,02:00:30,-07:00,2026-04-03T02:00:30-07:00,8,51
profile/index.html,72,html,9386c58a,Manning Karahashi,2026-04-03,02:00:30,-07:00,2026-04-03T02:00:30-07:00,8,40
profile/index.html,73,html,9386c58a,Manning Karahashi,2026-04-03,02:00:30,-07:00,2026-04-03T02:00:30-07:00,6,3
profile/index.html,74,html,9386c58a,Manning Karahashi,2026-04-03,02:00:30,-07:00,2026-04-03T02:00:30-07:00,4,4
profile/index.html,75,html,9386c58a,Manning Karahashi,2026-04-03,02:00:30,-07:00,2026-04-03T02:00:30-07:00,0,0
profile/index.html,76,html,665e242f,Manning Karahashi,2026-04-09,18:13:06,-07:00,2026-04-09T18:13:06-07:00,4,22
profile/index.html,77,html,9386c58a,Manning Karahashi,2026-04-03,02:00:30,-07:00,2026-04-03T02:00:30-07:00,6,30
profile/index.html,78,html,9386c58a,Manning Karahashi,2026-04-03,02:00:30,-07:00,2026-04-03T02:00:30-07:00,6,45
profile/index.html,79,html,9386c58a,Manning Karahashi,2026-04-03,02:00:30,-07:00,2026-04-03T02:00:30-07:00,6,2
profile/index.html,80,html,9386c58a,Manning Karahashi,2026-04-03,02:00:30,-07:00,2026-04-03T02:00:30-07:00,8,56
profile/index.html,81,html,9386c58a,Manning Karahashi,2026-04-03,02:00:30,-07:00,2026-04-03T02:00:30-07:00,8,48
profile/index.html,82,html,9386c58a,Manning Karahashi,2026-04-03,02:00:30,-07:00,2026-04-03T02:00:30-07:00,8,73
profile/index.html,83,html,9386c58a,Manning Karahashi,2026-04-03,02:00:30,-07:00,2026-04-03T02:00:30-07:00,6,3
profile/index.html,84,html,9386c58a,Manning Karahashi,2026-04-03,02:00:30,-07:00,2026-04-03T02:00:30-07:00,4,4
profile/index.html,85,html,9386c58a,Manning Karahashi,2026-04-03,02:00:30,-07:00,2026-04-03T02:00:30-07:00,2,8
profile/index.html,86,html,9386c58a,Manning Karahashi,2026-04-03,02:00:30,-07:00,2026-04-03T02:00:30-07:00,0,0
profile/index.html,87,html,9386c58a,Manning Karahashi,2026-04-03,02:00:30,-07:00,2026-04-03T02:00:30-07:00,2,32
profile/index.html,88,html,9386c58a,Manning Karahashi,2026-04-03,02:00:30,-07:00,2026-04-03T02:00:30-07:00,4,32
profile/index.html,89,html,9386c58a,Manning Karahashi,2026-04-03,02:00:30,-07:00,2026-04-03T02:00:30-07:00,4,2
profile/index.html,90,html,9386c58a,Manning Karahashi,2026-04-03,02:00:30,-07:00,2026-04-03T02:00:30-07:00,6,2
profile/index.html,91,html,9386c58a,Manning Karahashi,2026-04-03,02:00:30,-07:00,2026-04-03T02:00:30-07:00,8,22
profile/index.html,92,html,9386c58a,Manning Karahashi,2026-04-03,02:00:30,-07:00,2026-04-03T02:00:30-07:00,8,95
profile/index.html,93,html,9386c58a,Manning Karahashi,2026-04-03,02:00:30,-07:00,2026-04-03T02:00:30-07:00,6,3
profile/index.html,94,html,9386c58a,Manning Karahashi,2026-04-03,02:00:30,-07:00,2026-04-03T02:00:30-07:00,6,61
profile/index.html,95,html,9386c58a,Manning Karahashi,2026-04-03,02:00:30,-07:00,2026-04-03T02:00:30-07:00,6,45
profile/index.html,96,html,9386c58a,Manning Karahashi,2026-04-03,02:00:30,-07:00,2026-04-03T02:00:30-07:00,6,43
profile/index.html,97,html,9386c58a,Manning Karahashi,2026-04-03,02:00:30,-07:00,2026-04-03T02:00:30-07:00,6,25
profile/index.html,98,html,9386c58a,Manning Karahashi,2026-04-03,02:00:30,-07:00,2026-04-03T02:00:30-07:00,4,3
profile/index.html,99,html,9386c58a,Manning Karahashi,2026-04-03,02:00:30,-07:00,2026-04-03T02:00:30-07:00,2,8
profile/index.html,100,html,9386c58a,Manning Karahashi,2026-04-03,02:00:30,-07:00,2026-04-03T02:00:30-07:00,0,5
profile/index.html,101,html,9386c58a,Manning Karahashi,2026-04-03,02:00:30,-07:00,2026-04-03T02:00:30-07:00,0,5
contact/index.html,1,html,abd4281a,Manning Karahashi,2026-04-03,02:00:12,-07:00,2026-04-03T02:00:12-07:00,0,13
contact/index.html,2,html,abd4281a,Manning Karahashi,2026-04-03,02:00:12,-07:00,2026-04-03T02:00:12-07:00,0,14
contact/index.html,3,html,abd4281a,Manning Karahashi,2026-04-03,02:00:12,-07:00,2026-04-03T02:00:12-07:00,0,4
contact/index.html,4,html,abd4281a,Manning Karahashi,2026-04-03,02:00:12,-07:00,2026-04-03T02:00:12-07:00,2,20
contact/index.html,5,html,abd4281a,Manning Karahashi,2026-04-03,02:00:12,-07:00,2026-04-03T02:00:12-07:00,2,68
contact/index.html,6,html,abd4281a,Manning Karahashi,2026-04-03,02:00:12,-07:00,2026-04-03T02:00:12-07:00,2,39
contact/index.html,7,html,abd4281a,Manning Karahashi,2026-04-03,02:00:12,-07:00,2026-04-03T02:00:12-07:00,2,41
contact/index.html,8,html,b21abf60,Manning Karahashi,2026-04-16,18:49:32,-07:00,2026-04-16T18:49:32-07:00,2,48
contact/index.html,9,html,abd4281a,Manning Karahashi,2026-04-03,02:00:12,-07:00,2026-04-03T02:00:12-07:00,0,5
contact/index.html,10,html,abd4281a,Manning Karahashi,2026-04-03,02:00:12,-07:00,2026-04-03T02:00:12-07:00,0,4
contact/index.html,11,html,665e242f,Manning Karahashi,2026-04-09,18:13:06,-07:00,2026-04-09T18:13:06-07:00,2,14
contact/index.html,12,html,b21abf60,Manning Karahashi,2026-04-16,18:49:32,-07:00,2026-04-16T18:49:32-07:00,2,40
contact/index.html,13,html,665e242f,Manning Karahashi,2026-04-09,18:13:06,-07:00,2026-04-09T18:13:06-07:00,1,5
contact/index.html,14,html,665e242f,Manning Karahashi,2026-04-09,18:13:06,-07:00,2026-04-09T18:13:06-07:00,2,6
contact/index.html,15,html,665e242f,Manning Karahashi,2026-04-09,18:13:06,-07:00,2026-04-09T18:13:06-07:00,2,32
contact/index.html,16,html,665e242f,Manning Karahashi,2026-04-09,18:13:06,-07:00,2026-04-09T18:13:06-07:00,1,6
contact/index.html,17,html,665e242f,Manning Karahashi,2026-04-09,18:13:06,-07:00,2026-04-09T18:13:06-07:00,0,0
contact/index.html,18,html,665e242f,Manning Karahashi,2026-04-09,18:13:06,-07:00,2026-04-09T18:13:06-07:00,1,5
contact/index.html,19,html,665e242f,Manning Karahashi,2026-04-09,18:13:06,-07:00,2026-04-09T18:13:06-07:00,2,6
contact/index.html,20,html,b21abf60,Manning Karahashi,2026-04-16,18:49:32,-07:00,2026-04-16T18:49:32-07:00,2,31
contact/index.html,21,html,665e242f,Manning Karahashi,2026-04-09,18:13:06,-07:00,2026-04-09T18:13:06-07:00,1,6
contact/index.html,22,html,665e242f,Manning Karahashi,2026-04-09,18:13:06,-07:00,2026-04-09T18:13:06-07:00,0,0
contact/index.html,23,html,665e242f,Manning Karahashi,2026-04-09,18:13:06,-07:00,2026-04-09T18:13:06-07:00,1,33
contact/index.html,24,html,665e242f,Manning Karahashi,2026-04-09,18:13:06,-07:00,2026-04-09T18:13:06-07:00,0,5
contact/index.html,25,html,abd4281a,Manning Karahashi,2026-04-03,02:00:12,-07:00,2026-04-03T02:00:12-07:00,0,5
contact/index.html,26,html,abd4281a,Manning Karahashi,2026-04-03,02:00:12,-07:00,2026-04-03T02:00:12-07:00,0,5
